id,Username,FirstName,LastName,DateOfBirth,Password,DateAdded
1,earonowicz0,Eleanore,Aronowicz,4/28/2012,hG2.bMMhl_nO,1/11/2024
2,gmunkton1,Glen,Munkton,1/28/2011,"nG0~,,=5mX?Xu%.%",10/12/2023
3,rvenour2,Reid,Venour,12/22/2014,oA1.'AfVI)OZ=,1/19/2024
4,hwoofenden3,Harman,Woofenden,2/27/2011,"hA4<Ch1&UpQqkX,1v",5/27/2024
5,aeveringham4,Antin,Everingham,6/9/2014,"iE6(Ef(g3xO=G=I,h|G=",12/23/2023
6,aaarons5,Anderea,Aarons,11/8/2012,bA5?ShGK7}+$cR,2/27/2024
7,idarlaston6,Isa,Darlaston,6/23/2013,eT9>W5A0TZ,3/25/2024
8,jbryant7,Jeffie,Bryant,1/26/2006,zK0=4(ey!m,5/2/2024
9,kutting8,Katine,Utting,6/24/2013,sT9({sM5ZXeO4hq)i>6,5/8/2024
10,atonna9,Alf,Tonna,12/19/2011,zK1%(FRthTc,11/5/2023
11,nbatea,Nichol,Bate,1/13/2003,"oO1,V|udYZ|aBi9P&0s",1/16/2024
12,nbohmanb,Nicole,Bohman,2/1/2003,nJ0)cmq'!RI7AVK&eb*,4/25/2024
13,skettonc,Spenser,Ketton,9/26/2007,"iT5,zlb7*vEg#a",5/22/2024
14,aguerred,Addia,Guerre,7/13/2015,rP1)CfYi<2vN~q,6/1/2024
15,vkinworthye,Vaclav,Kinworthy,1/17/2006,pO6/mF?QkuOzJ,6/15/2024
16,afinderf,Anton,Finder,3/1/2014,iS9<.C+lFnb=poX,11/13/2023
17,ytroakeg,Yolande,Troake,9/13/2000,"iU9,aWDRZz*t~$.WM)}h",1/31/2024
18,mgalbreathh,Mirella,Galbreath,12/11/2013,cI9&Qs}dC|\x,3/30/2024
19,sobriani,Selene,O' Brian,11/2/2014,"vW8+xWO\S,cSKy",4/2/2024
20,gginmanj,Gleda,Ginman,1/8/2002,"hM3""H$9SMx0Wgz~ch",3/1/2024
21,cboornek,Chrysler,Boorne,10/26/2015,jQ9{V!G&HCR+F'6,2/3/2024
22,igodboltl,Ivette,Godbolt,2/22/2014,zE8'UD+8wfCrARFY(D0A,3/23/2024
23,agoundrym,Andrei,Goundry,3/15/2014,gW7#pR?4|#F{~Y`?P,8/16/2024
24,mdiken,Marge,Dike,10/13/2006,rH0@RKWxkuw<q~,5/17/2024
25,lnorrieo,Lucine,Norrie,6/14/2009,wW2=)b.DlgWq{y,3/4/2024
26,rfiginp,Rebekkah,Figin,10/10/2004,aI6'=B%p$}h71,6/29/2024
27,clapthornq,Cooper,Lapthorn,10/17/2013,jT2=mWZZgL6R`u,3/5/2024
28,rteodorir,Rosalinda,Teodori,12/7/2007,jC7?A`K0.ES|G*mO0,3/17/2024
29,ppohlss,Pammi,Pohls,8/30/2001,cD4\*w!>x{,5/23/2024
30,nwengert,Nefen,Wenger,8/8/2012,"uM5=t}""0go",5/6/2024
31,dlethibridgeu,Doralia,Lethibridge,10/22/2010,eT6<j\UaKBvn~94},11/5/2023
32,bcragheadv,Bourke,Craghead,4/22/2004,cS1+kL/j5K,8/6/2024
33,cgalbraethw,Cchaddie,Galbraeth,4/15/2016,"jG7/l<.K,m7RY~SW%",8/22/2024
34,fclistx,Forster,Clist,7/19/2010,sQ8%!4Ox1nzG,12/1/2023
35,mrickerty,Murry,Rickert,6/20/2002,oL8\yx2ABBF#,11/1/2023
36,mnaulz,Manda,Naul,1/17/2016,gO0@+n?@IK+a,9/12/2023
37,ddesremedios10,Donelle,des Remedios,3/16/2002,kN3`?Oos.dXZ,12/19/2023
38,ekort11,Emalia,Kort,3/1/2004,bW7*cm!jt>#,5/2/2024
39,arobertsson12,Abey,Robertsson,10/21/2002,uC9%\&%ppU(P+x,3/1/2024
40,bdjurevic13,Britney,Djurevic,7/22/2016,nZ1#|EK=I?GtnTrjVJ,9/29/2023
41,gfishly14,Gavra,Fishly,6/6/2003,jH4~.6$%&qJi,11/29/2023
42,slanger15,Star,Langer,6/17/2003,wX6`f.O\pn,10/21/2023
43,eashburner16,Editha,Ashburner,5/8/2004,kM2?41{y!FT,2/19/2024
44,sfassan17,Sara-ann,Fassan,5/3/2003,"aA3,d,frW8l,X07N/",5/4/2024
45,tbrason18,Tessa,Brason,1/24/2008,yU8'O9ma'v+eT,10/9/2023
46,cwenzel19,Chico,Wenzel,7/10/2012,rR3}n0*z3aIPc65KaqV,11/21/2023
47,leadington1a,Lauralee,Eadington,6/1/2015,gY1<@EwlOK.C\,6/13/2024
48,mfreak1b,Millicent,Freak,9/21/2009,uN8!LGBvnUk9%,7/30/2024
49,gcomley1c,Gray,Comley,3/10/2008,"lV6/`%""Lm)S_ayGt'",11/7/2023
50,wmcnamara1d,Wolf,McNamara,1/28/2004,sN2~`'pLj8i(\n+8c/qf,3/6/2024
51,ecoviello1e,Erica,Coviello,1/11/2005,"cE0,l0LzRwJ",7/14/2024
52,ckordas1f,Charline,Kordas,7/15/2001,yC7\2%wF)S\}71,3/25/2024
53,skinset1g,Slade,Kinset,6/15/2005,tT2'3(QmW$Sel)<~t,6/22/2024
54,ccashford1h,Casar,Cashford,12/29/2001,"cD3`85#\uO/#\V(,",10/9/2023
55,bschule1i,Berky,Schule,6/4/2003,uN3@9Vr3zM~t)l,10/31/2023
56,ckitson1j,Charlton,Kitson,1/4/2015,oU5(rW(RefXVFYw$34O4,1/15/2024
57,ahebdon1k,Abran,Hebdon,8/3/2002,"sP3/2.5W,_th}smkwT",6/13/2024
58,pgjerde1l,Patrizia,Gjerde,12/26/2012,tS3%_2ONJIuAbu,4/12/2024
59,zstorks1m,Zorah,Storks,11/30/2007,"uK2<.L,%w8&>",4/26/2024
60,ceck1n,Casie,Eck,4/29/2015,vT8~__u'mBSq#PL%q,6/30/2024
61,dlosemann1o,Danya,Losemann,8/1/2013,"tT7{@2e9),",3/2/2024
62,vplain1p,Valli,Plain,10/14/2012,eA2'IGcP0N,7/20/2024
63,gmundow1q,Gregorio,Mundow,10/28/2015,hM1!kYDR&'f}lBgiK8,12/16/2023
64,eellerby1r,Ewart,Ellerby,9/30/2009,sU9*'P'~Ndnybn8Hp{U`,1/14/2024
65,aogilvy1s,Aleksandr,Ogilvy,6/9/2003,lS7+(5?(2#}Nun)x,6/27/2024
66,jcrowne1t,Jessy,Crowne,12/5/2010,qP6*}0oVnx<w~.!3,2/11/2024
67,hstlouis1u,Hewitt,St Louis,11/22/2000,"dM5&C&""V_h.=",2/23/2024
68,ghaibel1v,Gloria,Haibel,7/27/2011,pY7<'}&ntH@&,12/16/2023
69,salven1w,Stearn,Alven,5/9/2014,kL6#Xv?/17+Mu,8/7/2024
70,sdrust1x,Stanleigh,Drust,4/25/2009,vK1~/>u{m|z%c,8/22/2024
71,lcundey1y,Lydon,Cundey,4/13/2015,"bW4#ZY/tj2eWRc""$e",6/9/2024
72,kgarard1z,Kipp,Garard,3/1/2006,"eN0""IaLoe,O<dH",12/3/2023
73,tharle20,Titus,Harle,2/17/2002,dO9&LbE}>rj1,7/24/2024
74,kgarcia21,Kesley,Garcia,3/14/2007,pY2#ZF0PIT~nesT.,11/25/2023
75,rjarred22,Roderigo,Jarred,3/8/2016,"uH1_0vs#""xP2phhnNs",7/2/2024
76,drumbold23,Dahlia,Rumbold,3/30/2012,"hA6`*?,F80""3.+QFLb",7/21/2024
77,ltimlett24,Lenka,Timlett,8/18/2012,qB4*~VX3{vR,2/24/2024
78,tgoodoune25,Torrin,Goodoune,10/26/2008,eJ5|XyZ>hL#6.O~5+h,2/20/2024
79,jtruran26,Jack,Truran,3/15/2010,"pF7,UC9b<vVR",3/14/2024
80,dcrone27,Dollie,Crone,2/16/2001,dL8$_wBDb=i31,7/24/2024
81,carrighetti28,Corny,Arrighetti,1/24/2007,pA6`vAuw6t'UFufZW0)g,9/11/2023
82,jhumbey29,Jacinda,Humbey,3/7/2010,cK7@DW3Wd<<#s,8/10/2024
83,bviveash2a,Brittaney,Viveash,5/29/2013,yO7{W`Y|kvV@KbY2,7/20/2024
84,pburrow2b,Pru,Burrow,2/10/2011,nL7\88bp5}G`A,9/27/2023
85,emaybery2c,Edouard,Maybery,4/28/2005,"pZ5,V6\'2T>T0n",12/1/2023
86,dvanderbaaren2d,Dana,Van der Baaren,4/9/2015,eZ5<c7r\Fj,8/18/2024
87,nbras2e,Nilson,Bras,9/1/2008,"yX5(pAYSl""c5?G",11/22/2023
88,vsiflet2f,Valentino,Siflet,12/13/2011,"rC8_""*cQW!+`nRr",7/22/2024
89,bdoornbos2g,Blair,Doornbos,8/5/2012,zP5&s$fLTk*l&*ee}B3,8/3/2024
90,mtaunton2h,Mignon,Taunton,1/27/2007,yD7=N+$$czs,6/28/2024
91,wbrozsset2i,Ward,Brozsset,2/19/2016,zU9|yNkhl~g2Gcn45,11/9/2023
92,peveringham2j,Pierson,Everingham,10/15/2015,"pK5@4""`>c1P?x",10/2/2023
93,pglendenning2k,Patti,Glendenning,10/21/2000,fE8'h<!jWtZ,2/7/2024
94,jmackniely2l,Jocko,MacKniely,5/2/2006,pY0{nGng0lDVOR_,10/31/2023
95,gabeau2m,Gris,Abeau,12/28/2005,"yP5""Ehh\Vbx5",12/1/2023
96,rbuffy2n,Rowney,Buffy,1/30/2014,rA3|4k%nfX/XK<L4(x,9/8/2023
97,fpeeters2o,Friedrick,Peeters,5/8/2007,jY1#u#}<Quj4EZHG,9/21/2023
98,broutham2p,Belita,Routham,1/18/2003,nB0!PjtiM5z5J,1/21/2024
99,ntrow2q,Nathalia,Trow,1/22/2002,"kJ5""<>7U)4*4r@Y=O",8/11/2024
100,vyeliashev2r,Verene,Yeliashev,2/7/2002,yD8_ybt>Lsduj?({0/,3/26/2024
101,jhutchinges2s,Jarred,Hutchinges,12/1/2000,fN0*bF$4L5g|FF2Ma,3/7/2024
102,oreinisch2t,Olympe,Reinisch,7/13/2006,"wU5,+eX/8!BQZy",8/16/2024
103,mferriday2u,Maje,Ferriday,10/20/2010,xX2!PlbdZzw,7/23/2024
104,ddocker2v,Derward,Docker,1/19/2004,jI8`3A&`*gHZ0f!yt,6/9/2024
105,bplacide2w,Brook,Placide,4/19/2012,fG2+IC+(Qfbqq,9/7/2023
106,cmollett2x,Cart,Mollett,12/29/2014,"lR7._""7%lS2$`",6/1/2024
107,hmanna2y,Hallsy,Manna,12/18/2009,rC0)E(Aoo1`HS*VLs,3/24/2024
108,jlavielle2z,Jodi,Lavielle,10/23/2007,jK6'dQF@r>,5/4/2024
109,abriggs30,Antonius,Briggs,5/20/2014,mD0<J_DDWXSh9%HS9,12/30/2023
110,goilier31,Gwendolen,OIlier,5/31/2008,sE8+C<ty4)pn,1/25/2024
111,hmactague32,Harmonia,MacTague,1/8/2011,"hR9$""Zo(GZ6S\w",3/10/2024
112,pmcgeouch33,Peadar,McGeouch,12/5/2012,jS9@+WX}7<j%%,11/2/2023
113,jjayme34,Junette,Jayme,4/2/2014,zP0&gmS{An,7/9/2024
114,lcrinion35,Loren,Crinion,10/23/2012,jO3=+?RVHMO,11/28/2023
115,ygalilee36,Yank,Galilee,5/6/2015,"uW4""lEm(v=t(",8/14/2024
116,bwheelwright37,Ben,Wheelwright,6/26/2014,oP2\Au%!JdHBE|j*%|N,9/8/2023
117,lhammarberg38,Loralie,Hammarberg,3/7/2016,xD5?v9r.e{i%bx6Ttj=l,8/15/2024
118,lgaitley39,Laird,Gaitley,11/11/2000,oO7`o61$VO!B$/6,11/15/2023
119,sbemlott3a,Sheffy,Bemlott,6/30/2013,"wK5,4vr{Lk>A@g~4GBy",11/17/2023
120,tocarran3b,Thornton,O'Carran,10/28/2008,"yU3(!BIoJ+|A,Fa",2/25/2024
121,hburn3c,Harper,Burn,11/2/2003,sN6&BVj6\~.X}T9(,9/11/2023
122,scabrales3d,Sigismond,Cabrales,6/28/2010,uU0*k#af|V,6/25/2024
123,bdecruce3e,Berny,De Cruce,9/17/2000,"oM3?p1,pofmF",7/30/2024
124,aeborn3f,Ari,Eborn,9/30/2008,jS4$3$#YmN\Bhf?q,9/3/2023
125,aessel3g,Ardyce,Essel,10/19/2004,fT3@zh)Ha)b#GM2X>Q6,2/24/2024
126,bkarolyi3h,Byron,Karolyi,7/20/2007,yN3#1{zGgBGA.,10/15/2023
127,hlucus3i,Hannah,Lucus,6/3/2011,vF1*`%u<Y>wcgILJy@P,5/22/2024
128,llibbis3j,Lorene,Libbis,3/31/2008,xZ1>WHTiq)iasw,10/17/2023
129,smityukov3k,Sabina,Mityukov,7/13/2002,mV1+qM.S~IE1/,2/16/2024
130,aansill3l,Andreana,Ansill,12/25/2002,aA4|_Rw(a@/tRy_L`m3l,5/11/2024
131,jclaybourn3m,Jordon,Claybourn,5/8/2016,vI4/c5yqBcH'l,11/9/2023
132,tbellhanger3n,Teodor,Bellhanger,1/31/2008,pI3@NGiMuE3&,1/18/2024
133,scutforth3o,Saul,Cutforth,12/8/2008,lW5$OHzK$ou5d,6/16/2024
134,esugden3p,Esra,Sugden,11/15/2000,"mB4=('Ss""D",9/15/2023
135,rdessaur3q,Rabbi,Dessaur,11/13/2014,"gO8))GS`UiMs7,",10/22/2023
136,mmaypes3r,Michal,Maypes,6/10/2013,cY8@RbZ~l~=z@_,11/16/2023
137,ericco3s,Elmira,Ricco,10/7/2014,xH7/N_au&FW982nB7o,1/3/2024
138,adivall3t,Annie,Divall,10/31/2010,"kN4$|=@JRH7~s/KfA*0,",12/17/2023
139,mbeltzner3u,Marshall,Beltzner,4/25/2004,"nJ6)js<YDbC=Ou#f{Q,2",7/22/2024
140,bsentinella3v,Bernie,Sentinella,6/10/2005,eS6|qo_Hn4wWG,10/19/2023
141,etyler3w,Emilio,Tyler,4/23/2001,wF0|phEX8Vs3,8/19/2024
142,twynter3x,Tracy,Wynter,5/5/2012,cZ3{4Dc20Y,4/30/2024
143,eminker3y,Etty,Minker,2/6/2010,jY9#zxu(tx!,7/27/2024
144,isayse3z,Ibrahim,Sayse,8/21/2011,hQ1=%8b%prb.y6Z+`QT,3/22/2024
145,cdoherty40,Cordie,Doherty,5/29/2004,"pC4\k5a,l<0HXC",8/8/2024
146,ebennoe41,Edyth,Bennoe,9/11/2011,sA2<biAIJ|#A,10/17/2023
147,fbarthot42,Fulvia,Barthot,9/28/2009,vL8)@KcyK*b|,7/5/2024
148,mbissiker43,Moises,Bissiker,9/24/2013,"sZ5?N9PN0$zEX5""k",8/1/2024
149,lhanks44,Lu,Hanks,1/31/2006,gX5}1arf5h%w,5/13/2024
150,cdietz45,Clara,Dietz,11/3/2002,"zA2~<?%$&,",5/23/2024
151,clummus46,Clarette,Lummus,8/1/2003,pI6'=K*9DRbo,11/14/2023
152,rmaidlow47,Regan,Maidlow,5/7/2006,"hW7,O<txfWy",10/1/2023
153,abierton48,Anabal,Bierton,6/29/2012,nO6~A&%$g$!H8,12/2/2023
154,aalcide49,Amby,Alcide,10/8/2014,"dF0=8SMS""~*da8s",8/2/2024
155,cmcconnulty4a,Corenda,McConnulty,3/19/2006,eB9$~U8\3eO,7/30/2024
156,tmogenot4b,Tomkin,Mogenot,3/22/2004,"zH8=EEr'""BnJ.$5K",6/29/2024
157,jglennon4c,Jillene,Glennon,2/13/2013,gN7<t31go<E)tCdTu6,10/30/2023
158,aslight4d,Aguistin,Slight,3/28/2014,"dF5|BG$6B,73%=I|WIG",7/10/2024
159,kdorgan4e,Kahlil,Dorgan,2/23/2010,vQ0}gT5WANRA|g,10/7/2023
160,wtunaclift4f,Wye,Tunaclift,8/6/2010,sN6?J>\YDb=G/fSBZBJ,3/8/2024
161,ccubin4g,Cara,Cubin,3/15/2007,gA2@~!)6mqfR_9R5n,10/5/2023
162,sbuyers4h,Sophi,Buyers,12/18/2012,qA1@df<g&mdI)ncw,5/10/2024
163,jpulbrook4i,Josiah,Pulbrook,9/1/2005,bZ0/ba5PXXrqBz,6/16/2024
164,fnuton4j,Fran,Nuton,12/16/2012,eG5&#bF~|r&E!q_zwG,9/8/2023
165,lclapson4k,Lock,Clapson,8/8/2009,"hD2>,8bXLNA#en",7/10/2024
166,bpinkie4l,Babette,Pinkie,12/19/2009,rZ1_S\V*B}_u\rh8s=Yz,5/15/2024
167,jgowenlock4m,Joellyn,Gowenlock,7/26/2014,sD2%u'@A<%lB~B*j!nDN,2/23/2024
168,nlamont4n,Nora,Lamont,6/1/2014,"vP1),XkR+|hiC3q",4/30/2024
169,cmanville4o,Cherry,Manville,4/26/2009,"nM7)j%""!p5?TA",4/29/2024
170,egorke4p,Elijah,Gorke,11/2/2011,eS6!7IAcb$3V,8/22/2024
171,lewebank4q,Latisha,Ewebank,1/20/2011,iH6$%xU01ST_,5/19/2024
172,abarbey4r,Adria,Barbey,12/17/2007,"aF1.SYtG,.EF",5/10/2024
173,dhatherell4s,Dame,Hatherell,12/17/2011,dM5$z2j?um,9/26/2023
174,lorsman4t,Laural,Orsman,5/18/2004,vJ8?`w*}%>y,5/11/2024
175,berwin4u,Bryce,Erwin,12/13/2007,mD1)sZPt`5H+TG}6++Gt,11/23/2023
176,agwillym4v,Athene,Gwillym,3/7/2015,"bP7~""1H5Hue+#}GF",8/14/2024
177,ebremley4w,Eliza,Bremley,8/18/2012,qE5((o+MPB|lMb03cr,11/7/2023
178,bife4x,Bonnibelle,Ife,3/25/2010,cO3<L'NzHSrIU,11/18/2023
179,afrays4y,April,Frays,4/24/2005,bN0<\`\\G#|/3s,3/3/2024
180,hinder4z,Halette,Inder,7/9/2004,lK2}{(ALGxM!c<*?n&ws,1/31/2024
181,csydall50,Cody,Sydall,5/12/2016,bV7$I_'toJ176VE#7P(,10/3/2023
182,adymick51,Allene,Dymick,9/11/2011,eW5&|'vo{0XAkU,6/20/2024
183,sflawn52,Si,Flawn,9/12/2006,sW5`N2EcWO0Xe`NO7!_y,9/5/2023
184,cstock53,Conny,Stock,10/31/2010,pH7(T<ekQ%nr?z+,4/17/2024
185,mkarys54,Marcus,Karys,7/5/2012,nJ3%?Swu%K`B,11/24/2023
186,isawl55,Inna,Sawl,3/29/2003,kM4(X`H6vLWxYfF,1/5/2024
187,arigts56,Alix,Rigts,8/8/2002,gL9/3fwe9_?sRu,5/12/2024
188,hlaytham57,Hoyt,Laytham,8/1/2007,uS5'7%S\5'=J,7/6/2024
189,kruffles58,Kearney,Ruffles,10/27/2005,uX1)1|k8LW1)WB0>}xz,9/28/2023
190,mtomlinson59,Maynard,Tomlinson,3/16/2010,cQ2@g?9=1Z/'2sG,10/1/2023
191,nfyndon5a,Nelson,Fyndon,5/3/2006,dQ1>>(Ri|>u,11/18/2023
192,wmckeurtan5b,Winfred,McKeurtan,9/17/2009,eM8.pL@{(E6_$J!,4/2/2024
193,ogumley5c,Opalina,Gumley,2/14/2014,pN0/EQQR/LwXr,5/20/2024
194,aadderson5d,August,Adderson,1/28/2005,"pR2""llg~@oG.gkT?",1/11/2024
195,gdibdin5e,Germayne,Dibdin,10/14/2012,"cJ0""ZP3m'hR~QVhQ_1u",9/14/2023
196,ceamer5f,Chloris,Eamer,7/4/2007,eU2#mV'@VH}&D7KC6q,11/4/2023
197,mkenderdine5g,Merrie,Kenderdine,12/24/2004,kB5#\W_E%$,12/3/2023
198,rwingatt5h,Rebbecca,Wingatt,6/21/2011,yI8`Mc+17{+,12/8/2023
199,rpostlewhite5i,Reid,Postlewhite,9/13/2015,"oE3?W'=M&.MQ1Zz""UP#",1/13/2024
200,mfarreil5j,Mariann,Farreil,12/17/2012,"nE1,9WZk""y_",11/28/2023
201,yashall5k,Yuri,Ashall,2/9/2015,"nF6,/`PM=LU>CA.A2",9/16/2023
202,jdunbobin5l,Jillian,Dunbobin,10/13/2002,"kF8|&<bmOrs,r\Sn",8/10/2024
203,alagneaux5m,Axe,Lagneaux,6/28/2004,uL4~v&)'+T?CNdI{eKi,4/28/2024
204,kbrownsett5n,Ketty,Brownsett,5/30/2005,"qY4$cisW""E)pAj}x*3""",6/5/2024
205,djellicorse5o,Dannie,Jellicorse,2/29/2016,mB5)9Cm`9ZzeJk,6/14/2024
206,stye5p,Silvio,Tye,7/27/2007,yB9(TT!K9()8O,1/21/2024
207,aqueree5q,Almeda,Queree,5/15/2015,sC8(0e~/ozl_,7/26/2024
208,cerrichiello5r,Clyve,Errichiello,8/15/2010,pT2)YsxT>B,6/7/2024
209,smcgaughey5s,Shauna,Mc Gaughey,3/2/2004,"bU8*Qlc""E)av??N",4/27/2024
210,rraynes5t,Rolland,Raynes,10/18/2010,kS6\vwko9pTC,10/23/2023
211,ptattersall5u,Palm,Tattersall,6/29/2004,uF9!sK%J{'8gqn/,10/29/2023
212,egraalman5v,Ellery,Graalman,3/21/2001,"lG2""GXeW)'lW",3/13/2024
213,cneill5w,Chen,Neill,12/15/2011,tG8=SEKKO'HGTY2,4/15/2024
214,colenin5x,Crysta,Olenin,6/28/2003,"iF5\fmtt?*,r?f",1/10/2024
215,dhirche5y,Demetris,Hirche,4/25/2005,dX2?anp4GY0#jeIj<D,11/20/2023
216,mdaine5z,Max,Daine,3/15/2004,"iP1.wiZ""x1&Lp'//<N",7/7/2024
217,fwhittenbury60,Farand,Whittenbury,1/8/2002,lG2+_qk6#v@g%%_|xLx,8/24/2024
218,bhighnam61,Barbabas,Highnam,6/10/2013,vQ3<x<|KvYB*`<7,9/10/2023
219,nbover62,Nicky,Bover,5/9/2013,"kW0#irk""P88fC",8/6/2024
220,dtomaszkiewicz63,Deena,Tomaszkiewicz,9/1/2000,tR7?'Qh!{Wca*Vt7C,11/28/2023
221,gmaccaffrey64,Gipsy,MacCaffrey,2/16/2006,jB7+n=nsb0@2Cxuq,3/10/2024
222,cpioli65,Candida,Pioli,2/4/2015,kT5\m'Fa*4L6AMjvIjmi,11/21/2023
223,hzucker66,Hildegarde,Zucker,9/28/2005,jO9+>}v%hds4ikIn|b`K,1/1/2024
224,emongan67,Etheline,Mongan,11/20/2003,tY5\3|{8E$e%4v?Of,9/12/2023
225,mcornwall68,Merla,Cornwall,11/3/2007,sT2/Wp{G{22j?sc6bNe,12/6/2023
226,lvogel69,Lari,Vogel,7/16/2015,jN5\{/ABAWQ)n'f+1JOw,7/12/2024
227,frisen6a,Farlay,Risen,10/16/2007,gB8>KE}mEN9=##dYN&iH,8/9/2024
228,rsmiley6b,Reagen,Smiley,1/16/2005,rX0\i7g}HBX/)Kb,11/29/2023
229,tcreasey6c,Trumaine,Creasey,1/28/2004,aV7&`$a'%#b,4/18/2024
230,cwasmuth6d,Catherin,Wasmuth,4/8/2003,bV3/%Lu16RkgJ,4/13/2024
231,dmcnulty6e,Dorris,McNulty,4/25/2014,rD3\!#4nQXalXtL!,9/12/2023
232,nglasard6f,Nettie,Glasard,12/9/2005,rP4>HaW_~g'},5/23/2024
233,lpaulo6g,Lauree,Paulo,12/12/2001,"iB3<?|sKHA<DqVW""A9O",8/17/2024
234,tstellin6h,Teri,Stellin,4/28/2003,tK0=at_51wg$orjG*,10/23/2023
235,dwestgarth6i,Des,Westgarth,12/13/2014,"mW2'c""u|q,!wjMbHQ",5/13/2024
236,wmorshead6j,Wakefield,Morshead,5/26/2013,cR6{TQXMJViaj,8/5/2024
237,srohlf6k,Stefania,Rohlf,10/30/2005,pX7#8*5/TacU,8/7/2024
238,admitrievski6l,Adelheid,Dmitrievski,12/28/2006,cZ8_Q(5B1E',6/27/2024
239,starburn6m,Sheeree,Tarburn,9/1/2004,"pZ7/""sB#<O)",12/1/2023
240,sdelayglesia6n,Sapphira,De la Yglesia,1/10/2012,fA4'3xwlbFgOtva8`5,5/31/2024
241,bspackman6o,Beaufort,Spackman,7/20/2005,"oX6`9wXvEWLH,zy",12/2/2023
242,mfilewood6p,Merry,Filewood,1/4/2012,"gH1""/s=bkq.C7JTO\*t",3/9/2024
243,fslight6q,Freddi,Slight,8/23/2012,fT4)>!QC9Y)OSI/GX,3/31/2024
244,jbelliard6r,Josselyn,Belliard,6/14/2009,xU2$%ztbiB,5/23/2024
245,msheering6s,Massimiliano,Sheering,4/23/2001,hK1{j1XWjj0)B*/,12/15/2023
246,bmarginson6t,Berkly,Marginson,8/7/2002,hK4(c3Cr`U%Icpn8C5(,10/22/2023
247,amacgiollapheadair6u,Ashton,Mac Giolla Pheadair,4/18/2009,"hY3_1GzY=)(7\,yB",4/25/2024
248,gpavic6v,Georgy,Pavic,12/20/2008,wC2!V)&Cp~&~<.G@>Qsg,4/20/2024
249,rbeers6w,Rubia,Beers,4/3/2014,sQ1~=eBD}OES7+J,5/21/2024
250,hcomolli6x,Hanan,Comolli,8/20/2013,eI2+}'6JT0Ot@+r,5/3/2024
251,kreuss6y,Kary,Reuss,6/30/2012,oX1`6&p6)YOXpNnAU'B,3/7/2024
252,lkilsby6z,Lotty,Kilsby,11/25/2011,mS9}aX\>_m15H,1/23/2024
253,jperkin70,Jill,Perkin,7/3/2010,wE9<4Gi\ihHc6|Sc$Nr,8/20/2024
254,hcooch71,Hyman,Cooch,3/18/2004,tJ9)Hsy*QT&_,4/28/2024
255,larrundale72,Lilas,Arrundale,8/20/2016,zB5>P6FHQn`S=`gtJ,5/31/2024
256,asawfoot73,Antonia,Sawfoot,8/29/2012,lP5.}{d|A5}9,5/3/2024
257,eguilaem74,Evelyn,Guilaem,6/20/2006,bC5(8}&Dj2,8/6/2024
258,eflecknell75,Eugenius,Flecknell,8/20/2013,rO9~WK&/=Sj,10/7/2023
259,kkuhnert76,Kristin,Kuhnert,1/31/2004,qW1}PMabOc*'i2UKE,3/13/2024
260,nfaucett77,Nessy,Faucett,5/6/2005,qN7<3_hNmM+_Owpz%5EM,6/8/2024
261,rshedden78,Rolfe,Shedden,4/20/2005,fT1+Q$k$!q,11/7/2023
262,cpratty79,Christy,Pratty,1/18/2011,"iF7""7g\/#x\",11/21/2023
263,lcampbelldunlop7a,Leontyne,Campbell-Dunlop,6/25/2012,qW1\T4OV$5{,9/2/2023
264,ttalloe7b,Terrence,Talloe,4/11/2003,fJ0~>!GX7Jk/IQN0Y5(U,4/25/2024
265,uferrario7c,Udale,Ferrario,2/24/2016,yF1.P1XcVzq7Qt}'ls6,7/29/2024
266,birlam7d,Birch,Irlam,2/21/2006,uM5>_$9wssM(eqdh,3/26/2024
267,jdrabble7e,Joseito,Drabble,7/18/2002,bM2?#$M>v$kI92S.,5/6/2024
268,rlivens7f,Randie,Livens,5/25/2001,"xA4`+""+YZ0sX",7/29/2024
269,phatterslay7g,Paula,Hatterslay,2/13/2015,vF3#2p$%00+9)V6=,5/31/2024
270,mbrimm7h,Myriam,Brimm,7/29/2005,fC7&cMU$K89RpL,11/29/2023
271,cjaxon7i,Crystie,Jaxon,12/12/2005,gA7*%6J>7&W%,3/24/2024
272,cblaycock7j,Cordi,Blaycock,9/16/2003,"wJ4_#}>g""%+7=s*%L_",9/5/2023
273,gprangle7k,Graeme,Prangle,1/5/2001,"oW5""F18&D4t2dw`2.C",3/3/2024
274,apoore7l,Andre,Poore,2/25/2004,pF9$*m8Zvsy*EFM,4/1/2024
275,ddewdney7m,Deborah,Dewdney,10/30/2013,jO8.5oPPzF~$,10/18/2023
276,rwolfindale7n,Robbyn,Wolfindale,10/28/2013,jF8)|tN1FYBu,11/21/2023
277,lpalfrie7o,Lani,Palfrie,9/5/2011,uH7$&#`\l\/wT3,7/24/2024
278,gdecourtney7p,Grethel,De Courtney,5/25/2005,wH6(=CFa~),6/19/2024
279,rcubbino7q,Rachele,Cubbino,7/10/2016,uP2$lbHFi*ckyrK,7/22/2024
280,pgaffney7r,Pierrette,Gaffney,9/9/2014,"dK4#""6Ifv#V.",1/18/2024
281,sdalrymple7s,Shirleen,Dalrymple,12/24/2012,"pP2>F6q(3Lc%g,=PeB",7/28/2024
282,zburland7t,Zedekiah,Burland,11/16/2011,gE6%?UsJT/6Ng3'Wi&#H,8/17/2024
283,igreenwood7u,Idette,Greenwood,1/1/2013,rT1}LMeI0C}#wkyAhQ,9/24/2023
284,emcfeate7v,Erena,McFeate,6/24/2012,iS1|rsj*E.PT>~,6/21/2024
285,bgringley7w,Bertie,Gringley,10/14/2000,qB8|OFh2WcoZPS1,6/22/2024
286,hormond7x,Hobey,Ormond,6/13/2001,vU6.xXnXTn,5/22/2024
287,bskeldon7y,Brina,Skeldon,2/14/2016,dW8'XK9Q`viI8w},10/14/2023
288,gayerst7z,Gregorio,Ayerst,1/23/2014,nT1=ksmwmphq>G~4J8b,2/25/2024
289,ichavez80,Ingamar,Chavez,2/16/2003,sX3`EZq4F4hjPS9~uy,10/22/2023
290,lolivazzi81,Lilias,Olivazzi,10/16/2009,tY2&T41UT)<lX`V#,11/14/2023
291,ghinkes82,Gabe,Hinkes,5/11/2014,aF9+Mkm8PJppSX`*,4/30/2024
292,awolfenden83,Andrea,Wolfenden,7/26/2011,"rT0|""=Q*}}*?+",4/15/2024
293,bkaes84,Barbara,Kaes,6/27/2011,oJ7&'k1zN!6%du(|{},8/12/2024
294,ablunn85,Agata,Blunn,5/14/2016,"sP1`W6,'SIsY%s{h$!#p",10/27/2023
295,rmedgewick86,Rozalin,Medgewick,10/26/2002,nQ9%fm\_JC),10/7/2023
296,tdeason87,Twyla,Deason,11/21/2011,jE5_ENVY~u&#N%p6~,4/20/2024
297,rcoll88,Rollin,Coll,6/10/2007,"sT5%did<A{""6wgv'",9/23/2023
298,lleary89,Lyon,Leary,3/21/2002,uF1|3jY\/w3M,6/8/2024
299,mpaolino8a,Micheline,Paolino,7/13/2012,"qG5'1A_8,!d3ay~JI`%3",8/18/2024
300,sabbatini8b,Simonne,Abbatini,3/13/2009,xR2?Mf/a3Bs,9/24/2023
301,mmartinec8c,Mallissa,Martinec,10/2/2005,aU8'A%rqE+,2/20/2024
302,tpollak8d,Taffy,Pollak,6/11/2006,nK0#C*x?C{,1/6/2024
303,aovershott8e,Alwin,Overshott,3/2/2005,"yR3@i5iSQ8cIeF""Ax%",9/25/2023
304,eperree8f,Ezechiel,Perree,11/21/2009,qI6&)KO'NZ,11/15/2023
305,gsleet8g,Grover,Sleet,9/28/2001,"eL8~yD_/IX,nD9vbId&",9/3/2023
306,nburhouse8h,Newton,Burhouse,7/20/2014,"pA8~a""~isQa+Q,)}X",1/30/2024
307,sdamant8i,Scarface,Damant,3/14/2016,"nC2""b={XGljueR",1/30/2024
308,grucklesse8j,Gail,Rucklesse,1/31/2007,eV8.tHuL+`aYqK,7/28/2024
309,dmoles8k,Dom,Moles,2/5/2004,iQ7>q`UFia,6/23/2024
310,cwalkingshaw8l,Cati,Walkingshaw,6/2/2002,"uM0!L1z,Z?3",4/19/2024
311,seggleton8m,Sayres,Eggleton,12/14/2000,"eK7%a+XzVK4fc|Hv+,",8/5/2024
312,dluno8n,Dale,Luno,3/3/2001,kK1=Me|!LYUF&DGaRC,11/22/2023
313,ltuppeny8o,Luce,Tuppeny,4/16/2002,nT6!VY6tus.9M77@M>@?,10/30/2023
314,bjuarez8p,Benton,Juarez,12/27/2014,wR8&}n99vab\,7/13/2024
315,dorrick8q,Dorelle,Orrick,5/13/2012,nL6#7CH0\hh0y}/tI,8/18/2024
316,jbetz8r,Jodee,Betz,10/10/2005,"lI9_9f2P.""!",4/6/2024
317,psanzio8s,Perice,Sanzio,2/8/2014,"nB2$V(RX`0""#K\%$",2/7/2024
318,adewett8t,Ash,Dewett,11/5/2006,jV9(&wSFd++,12/14/2023
319,rrigardeau8u,Richardo,Rigardeau,7/6/2005,"mY2(""K~Jfqe&hZvv",2/14/2024
320,cleijs8v,Charles,Leijs,6/30/2012,rF6%773hZWnc$*V0S,1/25/2024
321,cwardesworth8w,Charleen,Wardesworth,10/7/2003,"uC4&&S+(A$'e""daqy",5/28/2024
322,sgeist8x,Shepard,Geist,3/26/2016,"mM8(/c~J9""",10/12/2023
323,tcalveley8y,Torrie,Calveley,11/8/2003,"wI4.Up,'BI",10/21/2023
324,jrolse8z,Joshia,Rolse,10/1/2005,mW7~nKj@O70+ljAk(),9/11/2023
325,glavens90,Glynda,Lavens,12/11/2005,"qU0&UcBJ7`|`Mh,pQnY.",3/21/2024
326,ozukerman91,Orsa,Zukerman,11/24/2008,mE1&?4Ed7HvUB{,6/4/2024
327,hlongbottom92,Huey,Longbottom,9/29/2015,"nF1>Z$kD8q"">f",11/16/2023
328,usimchenko93,Ursa,Simchenko,6/2/2009,tC4.)BOwPrv_s,7/25/2024
329,ddreng94,Darbie,Dreng,8/6/2011,nA2#aKCs+{51i7$1k,4/2/2024
330,hbarnby95,Hyatt,Barnby,10/17/2008,"oC7>h,z#R1""nYW(8!",11/14/2023
331,jdurden96,Jedd,Durden,1/5/2005,jV6$2.1q.9Ku}3<,9/25/2023
332,mthurbon97,Markos,Thurbon,6/5/2001,uH6`Zj+XE&_VK8,12/4/2023
333,jstovell98,Jefferson,Stovell,11/7/2008,"tL3&k$c$""""n8N1M",11/6/2023
334,sgregorace99,Shara,Gregorace,5/18/2004,mJ0?G}gF~wi$UA'.,12/20/2023
335,ccollopy9a,Claresta,Collopy,5/2/2014,iM9)#)x'0}j`n,11/23/2023
336,kfranklen9b,Karina,Franklen,5/5/2013,"lQ1_DEo,Se2",10/15/2023
337,lcargo9c,Lorena,Cargo,7/31/2015,"kS0(b,9ujBWcm&k{|\X",3/8/2024
338,kjorcke9d,Kandace,Jorcke,8/12/2009,nA3?L>8WC3F,3/12/2024
339,dwillcock9e,Dorian,Willcock,5/7/2001,pQ0$.rkc~lv,6/19/2024
340,hgranleese9f,Hagan,Granleese,4/15/2012,rR0+?ns*w.HX!3NV8,12/10/2023
341,rcumberbatch9g,Reinhold,Cumberbatch,1/10/2010,"lW5}Lx&&Ddte7Q""z",4/25/2024
342,hstockill9h,Horacio,Stockill,12/22/2006,cD8)XS/B#YoP`,1/19/2024
343,lgianilli9i,Lucilia,Gianilli,8/11/2010,oW9<1sk'k9s60Z,1/27/2024
344,qskeldinge9j,Quinlan,Skeldinge,7/24/2011,gA5\x4uNY/c*#/,10/10/2023
345,fdresche9k,Felita,Dresche,12/13/2013,oM7}mVwe3B6n7yk|0sz,1/16/2024
346,bfarrin9l,Beltran,Farrin,4/17/2008,yX2&s3K_<TI|(jAQZB,6/1/2024
347,hpickard9m,Haydon,Pickard,12/11/2013,hM6|(J@R7*4sN=,12/4/2023
348,fbills9n,Fleur,Bills,10/19/2006,"gT7.j&9,<N(ki_i.",4/3/2024
349,ehazelton9o,Edgardo,Hazelton,7/23/2015,"uV7""81rymL2v|a",11/9/2023
350,pgiorgeschi9p,Pattin,Giorgeschi,9/21/2014,lB1.<J!wj9Yk,11/24/2023
351,myu9q,Mercie,Yu,11/22/2015,aH6'QC$_GuF$!r,12/7/2023
352,bjanosevic9r,Byron,Janosevic,7/8/2011,oZ9?T~5z>@4mq0u.O,5/5/2024
353,ghaet9s,Gerhard,Haet,7/12/2004,eW9>_@MS_vaTSoJE(I6,2/16/2024
354,mkamien9t,Mort,Kamien,6/9/2008,"bK7'N3W@<0""L?""*C?r&",11/29/2023
355,cseer9u,Carson,Seer,6/8/2014,uZ0?GHFFS<dy8,4/3/2024
356,gsimonnot9v,Glen,Simonnot,6/1/2004,"cI5|9.rQt},&8u+",12/6/2023
357,hhousegoe9w,Hanna,Housegoe,12/5/2008,lI7>=L>yvfmzGjX_72|,5/19/2024
358,kantonowicz9x,Kendall,Antonowicz,11/4/2007,"gL1}Vh~@,~r_|}",12/11/2023
359,wruperti9y,Wilhelmine,Ruperti,9/13/2014,"aK1$pY?Qs){np>+,",11/18/2023
360,mconstantinou9z,Mord,Constantinou,1/15/2011,sG6=A\$EGR&@9,12/9/2023
361,cjestea0,Cullen,Jeste,3/8/2015,"eI3~9xGo3.dOpb21P""tC",9/5/2023
362,icoburna1,Ivory,Coburn,10/14/2002,hH2.*PR=`TacD{,2/8/2024
363,sauburya2,Shannan,Aubury,6/7/2002,dQ9!gr3y.#&6,9/20/2023
364,ustaffa3,Udell,Staff,5/27/2010,bG0%7@8mY4Y2W~a|joT,1/23/2024
365,loflynna4,Laughton,O'Flynn,2/20/2009,"eP8""'XJ<SwzBiY1",10/10/2023
366,gdunnana5,Gloria,Dunnan,1/26/2001,"aL4>sYpv}<?(""F",12/27/2023
367,apruea6,Aindrea,Prue,1/16/2004,"cN9""VZ&&Y6Tq6u",4/17/2024
368,csharplina7,Chrystel,Sharplin,2/7/2003,bO0$)I=J$L!dCo(p34p},12/9/2023
369,solyeta8,Saunders,Olyet,1/14/2011,uY7$*09clL,6/21/2024
370,abuckerfielda9,Anders,Buckerfield,5/2/2003,aE4?.eHuSZIGo<,6/28/2024
371,smumbersonaa,Sharona,Mumberson,6/28/2008,pS9(G{E%!NI,3/29/2024
372,gbrooksab,Gerick,Brooks,1/19/2005,bI2?6CyGU~PQq8U}J,11/25/2023
373,hscandwrightac,Hermy,Scandwright,1/15/2015,xD2%u\h/@y*Nm`~m+OfK,7/7/2024
374,avasilischevad,Analiese,Vasilischev,7/17/2016,pW9&tpKL~7,11/24/2023
375,jbatchanae,Jacinta,Batchan,12/10/2009,rB2(/5007zfoC4CV,9/9/2023
376,iclampaf,Ignacius,Clamp,12/18/2001,wK8|Xbrj1kA,7/2/2024
377,bclinchag,Becki,Clinch,2/18/2004,sQ9>eyLExW,12/14/2023
378,lhaswallah,Luke,Haswall,2/22/2003,qI5.@rHsYTEmQ9z,8/24/2024
379,brayneai,Blake,Rayne,3/14/2009,eF7%}Z@|sP),10/25/2023
380,kdranceaj,Kai,Drance,10/13/2008,pL1<>'IrKZ<KC5,11/1/2023
381,flahertyak,Fiann,Laherty,11/5/2013,tG2+G<kNLu,9/23/2023
382,tgoaneal,Teddi,Goane,3/4/2010,cA3=4#eKL!DTiw0h,4/2/2024
383,alibermoream,Ameline,Libermore,4/24/2007,iD9?Fva!_FNUMq>GIdrI,12/30/2023
384,odenialan,Orton,Denial,11/17/2015,vD5{prqz&pjst#V,4/14/2024
385,cmercerao,Claire,Mercer,12/13/2015,"qI5"")k,izDGBiG}>",3/25/2024
386,oglowachap,Octavius,Glowach,11/24/2003,"eQ3,rGliLke7}",7/24/2024
387,aocrottyaq,Abra,O'Crotty,1/14/2001,"yQ0<kw>UM2N""?v$r&n7T",4/5/2024
388,rmilleryar,Rochella,Millery,12/16/2005,kL0/cjwD0W6,11/9/2023
389,rdifilippoas,Rhodie,Di Filippo,10/24/2002,wY6}*)(9VA,12/22/2023
390,radlemat,Romonda,Adlem,5/4/2002,nQ8/7b3f(@ug+rQN,7/27/2024
391,xwallegeau,Xenia,Wallege,4/15/2002,rH6)g{vQ11q,4/14/2024
392,nkeetonav,Neala,Keeton,10/10/2009,hY0{<DoM/HiV6,7/25/2024
393,pcalteraaw,Prinz,Caltera,8/16/2012,hK9#+*OI9v|G,7/6/2024
394,zszymonax,Zak,Szymon,7/13/2006,cT8*=)%|Q4,3/22/2024
395,cbrehenyay,Celestina,Breheny,4/1/2015,nP6.b.nD$F8P\TgpL*,6/11/2024
396,abuzekaz,Abelard,Buzek,5/11/2011,gF4(x7~xcD?2LX4j>rZV,11/2/2023
397,bmuressb0,Boone,Muress,8/5/2008,tN5}G0V7%g,5/3/2024
398,mhogginsb1,Merralee,Hoggins,10/25/2001,aB0|yhcxC@aSyE,2/25/2024
399,npicottb2,Nadean,Picott,12/3/2014,eQ6.w}pT`{>,6/12/2024
400,cwhewillb3,Chance,Whewill,7/4/2011,gS1$~H(X9W,9/5/2023
401,lfrankeb4,Leroi,Franke,12/26/2015,kV9_A98I\+dDrL,7/22/2024
402,pblinckhorneb5,Pace,Blinckhorne,4/14/2010,vN5<k|>/V2,7/30/2024
403,jvarseyb6,Jo-anne,Varsey,1/12/2005,mL8\mV(Bnj5?0,10/19/2023
404,fdepkeb7,Farlee,Depke,9/5/2009,wH9*&QSPo*,5/12/2024
405,emabeb8,Emma,Mabe,6/12/2006,oY5?Zl!TqwF,12/25/2023
406,srestorickb9,Saul,Restorick,9/19/2012,"nL1(@ep59QZPW@""i,pMI",12/19/2023
407,hhellyarba,Helena,Hellyar,3/20/2009,gH7+>PG%q%6q!g?lg,2/29/2024
408,cmumbersonbb,Cosimo,Mumberson,1/11/2005,hB1`COkj~c,4/30/2024
409,mdeaconbc,Micheil,Deacon,3/28/2009,pG4`reTO#8xa~+1oB#7,1/12/2024
410,nshukerbd,Nels,Shuker,8/19/2008,tN9/*SW$L)v,2/3/2024
411,shaynebe,Seka,Hayne,3/28/2006,vR9'#23$@.*_p{0m5,7/10/2024
412,jtowsonbf,Jocko,Towson,5/10/2006,mC9#9=k0.1Pv,10/21/2023
413,jgionettittibg,Jo ann,Gionettitti,5/23/2001,"rP5<7gi1A\pLZck,#",1/24/2024
414,dklugbh,Danell,Klug,7/13/2005,tS7@.(1\Q*~T,4/15/2024
415,mburkertbi,Matthew,Burkert,8/11/2010,"dT6""=dU(8Y#JCi,Q<{qT",3/13/2024
416,ktupperbj,Kellie,Tupper,6/17/2006,wM4$\ZA%T7_ET,7/9/2024
417,mcarlemanbk,Malva,Carleman,10/29/2008,lI8}lU7s?6YKG,9/28/2023
418,npavicbl,Nady,Pavic,1/8/2015,qA7{.W<qV>xnnZKl,10/21/2023
419,fbackshawbm,Fania,Backshaw,5/25/2011,"bM9#UTL,QN{8&ji6J",5/24/2024
420,equestedbn,Emilio,Quested,1/24/2001,bZ8}@oFeg~EQ.#FS),5/20/2024
421,dfranceschiellibo,Derick,Franceschielli,4/7/2008,"dV6{x0""vLq7S8y>V~4Sz",4/2/2024
422,zcollarbp,Zelma,Collar,10/22/2015,"cS7!yvI""Vb3?_@/",7/6/2024
423,lgrogorbq,Lucian,Grogor,4/7/2012,"qX0?M,Da+a0bet,myf2>",1/3/2024
424,vstothertbr,Vevay,Stothert,1/26/2003,"qU6""""1dl70gJAz,jXb0R",1/5/2024
425,abernardeschibs,Anjanette,Bernardeschi,3/9/2003,uI2#Bpho_<jxLFLSJK8!,8/24/2024
426,ranshellbt,Ree,Anshell,8/23/2013,iE5{H#1_bu6~TSwN<U,12/11/2023
427,gphalpbu,Gilbertina,Phalp,9/11/2004,gR6+~!fL%u>#0Zq?,1/5/2024
428,bmilvertonbv,Bambi,Milverton,2/9/2003,oA8\1FGH8Np}9sI|,2/13/2024
429,bmilnebw,Bentlee,Milne,5/26/2004,"wP6,cP(b/5",3/2/2024
430,ljarambx,Lexy,Jaram,4/16/2003,qS2$6_*'(O2r1eF,11/9/2023
431,sreynoldsby,Stacee,Reynolds,8/26/2004,"bJ8>OICgHombc""n79",9/4/2023
432,dcarlucciobz,Dehlia,Carluccio,4/7/2006,"oT1}OXlXK_p,6%>m",1/24/2024
433,ccasseyc0,Chuck,Cassey,2/27/2015,aR4$G.j&By,8/16/2024
434,wcaccavaric1,Winn,Caccavari,9/16/2010,vQ6'Ptxy|h<wdRUr/V4E,4/26/2024
435,istrathdeec2,Ingra,Strathdee,1/4/2004,fK3!ZQw(IIKav54BOp/#,3/29/2024
436,alovickc3,Alejandro,Lovick,11/15/2006,mE9>(KsnOm<Wk1u5,9/11/2023
437,summfreyc4,Suzie,Ummfrey,5/22/2013,tX0+h~L8eMK/x,6/7/2024
438,ddoreec5,Dianemarie,Doree,4/14/2015,"wA0`aS7G?~Hn)2J""",4/2/2024
439,rreayc6,Rosalynd,Reay,12/7/2013,"aX0""$pAy4|,x&|b2~q",11/22/2023
440,acullingfordc7,Alon,Cullingford,9/20/2013,dC6<g`l1hj|,11/11/2023
441,mcreaseyc8,Marta,Creasey,9/12/2001,jO2!h2~Cz**$,9/30/2023
442,lmclennanc9,Lucine,McLennan,7/20/2008,lJ3>S?<up7=,1/9/2024
443,ycarwithenca,Yanaton,Carwithen,2/4/2007,"hN8,8dRFCDk|F6K,Slx",8/4/2024
444,tdartercb,Twyla,Darter,12/5/2000,oX9@Q'9WZs!@JmkbwFqi,12/19/2023
445,hwightcc,Hedvige,Wight,10/1/2013,dE9|2v?h>I&PV2*#L?k,4/24/2024
446,eglazercd,Eli,Glazer,1/24/2005,"rN8<uh'34,E%6b#",1/14/2024
447,cfulgerce,Chase,Fulger,3/29/2010,xP2%g79d}#%,4/14/2024
448,escutcheoncf,Evie,Scutcheon,3/28/2006,bP5+'HLs`x}GYVV_,8/12/2024
449,elavillecg,Eugene,Laville,6/27/2011,cG8|#BXFp7dHV3<|<,3/14/2024
450,cpetrichatch,Chadwick,Petrichat,2/23/2014,"xH1$qP!@dJ,7eLbf",3/21/2024
451,rcocklieci,Redd,Cocklie,4/6/2002,"hY5/U6?,Pn&vHbf8WQ",6/12/2024
452,tcollcj,Tuckie,Coll,10/30/2015,"cC4,&x_Iq&iu2z",11/27/2023
453,cmowsdillck,Cynthea,Mowsdill,6/3/2003,eU7>IOa2%ui>PtBdn,1/4/2024
454,fdunsirecl,Frannie,Dunsire,10/2/2007,yL3~U$0`Q6dk\),2/29/2024
455,gmethingamcm,Gail,Methingam,7/29/2015,bR8>z1q2yMbU#dG7,11/1/2023
456,dtwentymancn,Daryle,Twentyman,8/19/2006,"aA8@,Yu%,Q'4oHxN'SW",2/8/2024
457,ggronaverco,Georges,Gronaver,6/29/2012,wO8~)EC{kszkDQzg,3/16/2024
458,jrosbottomcp,Joanie,Rosbottom,1/28/2002,iX6'_ZUg\9sJ_S(6_,7/4/2024
459,hgeldartcq,Herbert,Geldart,1/3/2008,jL0%RQD~=54=,11/8/2023
460,tsavagecr,Thorndike,Savage,1/1/2011,wM9#*wxMF2>D,5/18/2024
461,tdallicoatcs,Taryn,Dallicoat,8/22/2014,lY0\5!y/6@O5$l,10/18/2023
462,sneatect,Sylvester,Neate,3/14/2007,zL5'(MrJ5wwOoh,10/10/2023
463,avanderhoevencu,Adrien,Van der Hoeven,12/11/2013,sC8/TxuQBttR|,3/9/2024
464,ishortlandcv,Inga,Shortland,3/18/2013,fF8=WCJd82NIGvItV,6/26/2024
465,lsoignecw,Lauraine,Soigne,7/5/2002,fD7{zZa(nbMMg=Zck,6/19/2024
466,ndymickcx,Nata,Dymick,5/17/2003,"iG8*6cmVg""7x_Bu2Y",8/13/2024
467,ekaubischcy,Eda,Kaubisch,9/26/2013,sU1#Y32hqiAP,6/5/2024
468,shurnellcz,Sawyere,Hurnell,12/16/2004,dX6(_PwkQ4e`~KONgz,7/10/2024
469,pkerseyd0,Putnem,Kersey,10/7/2004,lK5+NIGf3~ti1lq,10/4/2023
470,cianned1,Camey,Ianne,7/25/2012,lA4/9`$Xd38*.J,9/16/2023
471,dcolbertd2,Deana,Colbert,11/29/2004,"zO3\_,H7gd1G",11/20/2023
472,wstearnd3,Willabella,Stearn,12/15/2005,dB3?&7d#J%nov,6/21/2024
473,mbarged4,Melodie,Barge,10/7/2008,"zF4=$%=@p4"",q",8/22/2024
474,lpinard5,Loralee,Pinar,8/23/2008,iD8?7L1yLv)\*b<7Q,9/13/2023
475,jremnantd6,Jewell,Remnant,7/30/2015,tC2~!|?nVx,6/27/2024
476,icrigind7,Ignazio,Crigin,1/12/2015,eO4#FUWvAMV/d,1/30/2024
477,hblunsomd8,Holly,Blunsom,7/6/2015,kZ0{0DrcZ)'XxM6`hP,6/22/2024
478,jwestreyd9,Jenna,Westrey,11/6/2003,yP9__Yjff0YwdD(_=on,10/12/2023
479,rletchfordda,Robinson,Letchford,4/24/2003,qG8<zV/=t\?bO6tej2,7/24/2024
480,kbluntdb,Kissiah,Blunt,8/25/2012,iB9(>j{%Eu\20#VO,3/23/2024
481,tbentzdc,Torre,Bentz,9/24/2005,nE9>jlYPg*~,10/13/2023
482,nthornleydd,Noelani,Thornley,12/13/2005,aO9_~\ERs?Nmgao.,12/24/2023
483,lvanmerwede,Linzy,Van Merwe,9/2/2006,fH7_YlhOh~w|(4,12/12/2023
484,jmigueldf,Jorgan,Miguel,4/19/2004,oH7.'ANyZx<~wK<@,2/15/2024
485,mhuntondg,Marnia,Hunton,5/11/2001,vR1>HP_l5/g|.z~DZ,11/21/2023
486,vtavenerdh,Viki,Tavener,4/26/2010,"tU2%*3t,dq",2/19/2024
487,aaronoffdi,Abbie,Aronoff,4/24/2012,kY6)?@e?p9g+J(_<J5,8/4/2024
488,iserckdj,Immanuel,Serck,12/15/2011,rJ3$&FYIci,10/2/2023
489,zaldusdk,Zonnya,Aldus,12/7/2000,uP3{M@/B`4p#3D,12/3/2023
490,skendaldl,Stillmann,Kendal,11/20/2005,"pY2\}<5sclU6L`4_,*5n",1/26/2024
491,flingerdm,Franky,Linger,11/16/2002,"oO4=',N`O9(21NSQL=",5/18/2024
492,nchapelhowdn,Nerte,Chapelhow,7/8/2012,qC7>v$HtY*bB_v}=W,10/14/2023
493,mwolforddo,Melisse,Wolford,3/14/2005,vE8@7cn&H7`2LIE}lLl,3/3/2024
494,nwimpressdp,Normy,Wimpress,2/26/2013,rN4&}L0g*If,3/8/2024
495,chordledq,Cindy,Hordle,6/17/2002,"jK3,`j5ahs1INRcT{Z",4/24/2024
496,owinserdr,Ottilie,Winser,9/20/2004,kQ6\nZNLFSx>Ypv@,3/27/2024
497,byantsevds,Bil,Yantsev,6/16/2007,vJ9#|ABN_)2=,5/26/2024
498,wmosedaledt,Worden,Mosedale,10/31/2005,"tK1*+zP5$""X'v+F'X<d.",3/26/2024
499,iqusklaydu,Inglebert,Qusklay,9/23/2009,dV8?t>7guEZpy,3/30/2024
500,wmakerdv,Whitaker,Maker,2/13/2014,lE1+Au3x`HlK4W,1/19/2024
501,ldawtreydw,Lolita,Dawtrey,10/11/2010,gT7@X)b7Z4\TZ1zJ$LyP,8/11/2024
502,adevitadx,Ailene,Devita,5/8/2005,"aX1""E<pv<Z>*+h%",3/12/2024
503,sbrokenbrowdy,Selie,Brokenbrow,3/24/2016,oA8.Ha*{7`XucO,3/12/2024
504,mciciuradz,Morlee,Ciciura,8/27/2005,eF9'X&S_DiW4>!0}7W5D,9/26/2023
505,bchellame0,Beau,Chellam,8/19/2007,"uA8""5'osgZBhUAef",9/15/2023
506,ovasilyonoke1,Othelia,Vasilyonok,1/5/2013,vI3%Mg4~p$QbLb1WN~,6/15/2024
507,fdunmoree2,Farly,Dunmore,1/11/2001,"nL6,wVY\{NF6}Ei!",5/12/2024
508,lcuffline3,Laverne,Cufflin,11/12/2005,"eY1,G85$Jra{H",1/20/2024
509,gskipe4,Gillan,Skip,11/12/2005,oU9)cn7K@ucf27FF}&pU,7/29/2024
510,khayshame5,Karisa,Haysham,4/2/2016,sI3`t*<R\W6OeSZ~G,3/17/2024
511,byoodalle6,Brunhilde,Yoodall,12/5/2005,"iE1'~Vc""r%m8F2k,a8",11/26/2023
512,dsargersone7,Deeyn,Sargerson,12/1/2000,vU2/#B3r?<,9/26/2023
513,jskettlese8,Janina,Skettles,12/8/2013,sJ9$*q__03{Tnd,7/20/2024
514,egreatheade9,Ethe,Greathead,6/16/2005,xQ8?`xrR!S1Cn,8/22/2024
515,emammattea,Eolande,Mammatt,9/7/2007,"dE0&\{,M9rV8QE$0HB",5/27/2024
516,elangelayeb,Eadith,Langelay,11/23/2003,mX7/{F.ep&RT,11/7/2023
517,usarchec,Uri,Sarch,4/22/2003,uL6$5Fft2+~)y,1/9/2024
518,rerroweed,Rubina,Errowe,11/20/2002,"mE2,L?SzMd~hb5",3/30/2024
519,fcodiee,Frederigo,Codi,10/9/2006,"tL1"",MfzA&aq@",11/14/2023
520,wschimpkeef,Waldemar,Schimpke,10/22/2007,"tH0/%nhMb,Z5CsI$'_""j",6/6/2024
521,oelsmoreeg,Oralle,Elsmore,5/20/2002,eY4$fK>rnUb,8/4/2024
522,bdeckereh,Basil,Decker,8/27/2011,hX0(DP9!s~('3Xq>O{,12/2/2023
523,mallibandei,Masha,Alliband,12/9/2009,sZ9`~YEokN,3/31/2024
524,dmillwardej,Dory,Millward,5/25/2006,hA7}c50A%D_,6/25/2024
525,cblantek,Cybil,Blant,7/26/2015,"zK9/eNl=7""RkCONo",6/12/2024
526,etriggelel,Esra,Triggel,1/9/2002,lN5$'w|%GUPDeL=1%,2/4/2024
527,dhastelowem,Dido,Hastelow,1/21/2002,"pA2!QA,bn}P(!R}.4",8/15/2024
528,ecorradeschien,Eleonora,Corradeschi,5/26/2001,hR3#K!ML}?,1/4/2024
529,rritmeyereo,Raviv,Ritmeyer,6/15/2012,"iF3+71SF@Jtt08GA""",7/31/2024
530,rswitzerep,Regan,Switzer,4/13/2003,kF6%D?W8ic,4/12/2024
531,dalnereq,Dari,Alner,5/18/2016,eY8\#)$lnzuLePJ|i4{,7/12/2024
532,aburweller,Arnie,Burwell,8/15/2013,"zB8@GM+?dk48cr=$,6/",12/29/2023
533,rhadlandes,Rori,Hadland,11/25/2009,rR3&!X_zk6h/wx8%ZSG,9/18/2023
534,wcarmeet,Winnifred,Carme,10/23/2000,lF1+VC?@>}$D}&,3/21/2024
535,wheightoneu,Wilhelmine,Heighton,3/20/2007,oZ7<XjhO_.+BDGNx=S,7/31/2024
536,rfratsonev,Riley,Fratson,7/24/2003,sC0)v<7G#9i!a,1/15/2024
537,sconkieew,Shani,Conkie,3/7/2016,hK2&>Wi9C3H@p1n1Qjp<,7/26/2024
538,ryesex,Rena,Yes,3/1/2003,tW9`f}6T{Dj~>5Oo,12/31/2023
539,credgateey,Cristin,Redgate,7/12/2003,"hH5_ASeZuz\cXn,sdw6p",4/11/2024
540,alymbourneez,Aeriela,Lymbourne,8/16/2015,nS9}<1PP5N.+b#%LC&(,12/16/2023
541,sbroadfieldf0,Sharai,Broadfield,9/12/2005,jF8=sLRu(*sI>E21k&WY,11/8/2023
542,bwanderschekf1,Bryanty,Wanderschek,10/12/2002,"mK3$}`cz""<FB#&@?G1e",3/13/2024
543,fsweetlandf2,Florenza,Sweetland,8/22/2009,"sG0$Zxp""uZW",12/8/2023
544,mpeplawf3,Maressa,Peplaw,11/6/2001,aJ0%8JEjHI,6/1/2024
545,afilppettif4,Amelina,Filppetti,3/8/2006,yM7&HJLOS~\h.Sd8T,11/13/2023
546,rtwinningf5,Ravi,Twinning,12/3/2010,lM0'Pv+UkXxZPiXQKfo,11/19/2023
547,ascardifieldf6,Aldridge,Scardifield,5/20/2013,tJ6<lTgu1JB,9/9/2023
548,mivanisovf7,Michele,Ivanisov,8/24/2004,eH4/RqR39A,2/24/2024
549,resselenf8,Rickie,Esselen,12/29/2011,fH2%mmGhRry/`z',2/3/2024
550,pidef9,Phil,Ide,1/23/2002,"uA9#?C&Ail""",11/23/2023
551,ksowtenfa,Karyn,Sowten,7/28/2005,"hZ9=&$V*K3T,d`=qb&+Z",10/27/2023
552,sgammonfb,Sargent,Gammon,3/13/2012,fU9{t)x/uX=Be,12/31/2023
553,ejanikfc,Elfrida,Janik,11/12/2005,"fQ1.*N,T1he$.dU6EJ~X",8/11/2024
554,ihardiefd,Isabelle,Hardie,2/3/2010,"oL6+""O=c'6+jJ)h",1/16/2024
555,ldollingfe,Libby,Dolling,2/3/2003,yZ4%b`l{Z3>BqpsOWo,4/22/2024
556,lhinnerkff,Lion,Hinnerk,6/25/2008,sB8|?85sEHw)c5O/Dwe,10/29/2023
557,lmelrossfg,Lancelot,Melross,5/22/2003,"gT3`TNm,O*y'V",1/28/2024
558,agovierfh,Andrea,Govier,4/30/2007,hW8@11f}8+no3YeZ,4/2/2024
559,eemsliefi,Ellerey,Emslie,5/7/2004,"lW2_xLte>f,1rYv",11/8/2023
560,klerhinanfj,Kayla,Lerhinan,2/21/2002,gR7)E!'#O~A7'c8WZU,11/3/2023
561,aeatefk,Arluene,Eate,12/2/2001,lT5'?TQx'uUThaU1E',3/30/2024
562,lmcinerneyfl,Lonny,McInerney,1/21/2014,lL4@zJ*K}@h&vlm%*A,4/9/2024
563,jyakubovfm,Jo-ann,Yakubov,5/24/2007,kR9\AmWuGtuf,5/25/2024
564,smaxfieldfn,Susy,Maxfield,4/4/2004,fS0#ttN$aNC`,8/14/2024
565,nkelleyfo,Noe,Kelley,5/23/2015,tP3&Y?PxL+'eM2i,9/23/2023
566,fberntssonfp,Fair,Berntsson,9/16/2006,fN5*{~j00SEfXK,9/3/2023
567,mlarvorfq,Mitchell,Larvor,4/21/2008,pC2?%3}W2T,4/23/2024
568,eairdfr,Emelen,Aird,7/14/2012,qV8?ypu!O#$faL+)),6/13/2024
569,qcastellinofs,Quintina,Castellino,8/17/2002,eX8<H}ghea.P<,12/28/2023
570,tfowlsft,Toinette,Fowls,9/20/2012,nF5`UP@|/(8GAM&S,11/26/2023
571,blurnerfu,Bobby,Lurner,3/20/2007,kT1`|oYc9MfyQqw4,2/2/2024
572,vhardemanfv,Viviyan,Hardeman,8/20/2014,"eT3%@3/,hM1GikL!KTT?",2/16/2024
573,eramfw,Elora,Ram,9/28/2007,hN3*3Eke8`ksLH>,2/11/2024
574,hgoodingsfx,Hamlen,Goodings,12/7/2013,iC1)w{\UUqsqn~6ns3,4/8/2024
575,cstanyardfy,Cherilyn,Stanyard,9/27/2007,jE7!2Bu#CM{G,6/15/2024
576,cbennenfz,Cheryl,Bennen,6/25/2006,sE7%i.2_zD,6/4/2024
577,fangroveg0,Fancie,Angrove,1/26/2003,cA0`{8`|A7q4~KZ,12/25/2023
578,oboameg1,Osmond,Boame,8/21/2011,aH4)MLyk}%OuTr,11/11/2023
579,staffurellig2,Sosanna,Taffurelli,9/24/2009,yQ8)bTHglS*,2/1/2024
580,ldymockg3,Liliane,Dymock,8/11/2011,"cR6#JjeO@iTI,D",6/27/2024
581,bgiovannaccig4,Bennie,Giovannacc@i,4/25/2007,jA4`1q@O_9>\1e?QW,1/23/2024
582,msambidgeg5,Michelle,Sambidge,6/26/2002,jU4{tTt\?a=3<S(i,11/20/2023
583,vfulkesg6,Vera,Fulkes,12/7/2012,jN0|~?VzaRE?`ORq>qH,12/15/2023
584,kmcconnachieg7,Kristyn,McConnachie,9/10/2008,"wF0,4P{bed|!xm(gqM?V",8/2/2024
585,dpavicg8,Donnie,Pavic,1/30/2011,"oZ6?#s,''O(",6/17/2024
586,cquinaneg9,Carlyn,Quinane,6/16/2005,vL0>75V8M{TdL4@<(Ob,4/12/2024
587,nmattkega,Norbert,Mattke,3/27/2015,uZ1_)x@PwV89Ix,6/3/2024
588,kghirardigb,Klaus,Ghirardi,10/25/2005,"iK1>jU&3,0Xg(",5/2/2024
589,ashiersgc,Alethea,Shiers,9/22/2003,oB9>?4)uL7YGkGZ$H*,12/2/2023
590,dbeausanggd,Domingo,Beausang,12/27/2007,uZ6>GXAKSjj&=Rp(*d,4/14/2024
591,tskucege,Toinette,Skuce,5/31/2013,"aJ8/7lb&""x<",9/15/2023
592,sbragggf,Sim,Bragg,12/18/2000,"uB5'%""y\K`<k",7/19/2024
593,ablackleygg,Anabelle,Blackley,3/11/2006,yU2%@l&a\9n@A,3/14/2024
594,jpratorgh,Jayme,Prator,8/19/2003,jM8//ixmSPA,5/16/2024
595,tbruninigi,Tasha,Brunini,1/25/2015,hM2<v0brQYDi,1/21/2024
596,evanderbekengj,Edvard,Van der Beken,7/5/2007,"dQ6,jZqRJFQZdW?vW",2/15/2024
597,nloddergk,Nahum,Lodder,2/18/2015,"xV4}Y3\XLD\AG|~t5,",2/13/2024
598,bszepegl,Barbabra,Szepe,5/2/2004,rS8<7W~#d6$'$+O,2/3/2024
599,jrollesgm,Jean,Rolles,6/30/2011,cB1(p=q!lh,1/24/2024
600,sducarmegn,Shep,ducarme,7/16/2015,fT6!hh`T5Z9&D2RY,3/22/2024
601,hstobbego,Herold,Stobbe,10/20/2000,"tL3$,H0""b@uTD",5/26/2024
602,ntweediegp,Nerta,Tweedie,7/30/2015,sO3_O453HOq)>ZQ,5/17/2024
603,nfardygq,Nathanial,Fardy,1/21/2010,"pC8`h""`FW""dW",1/31/2024
604,tmalkingr,Trueman,Malkin,4/19/2011,"wE4=P<Cr9Sq2\Dd.hwD,",12/3/2023
605,tmealegs,Tybi,Meale,6/24/2010,yN9>L*Ej{4\CDr,11/2/2023
606,jbarizeretgt,Joel,Barizeret,9/4/2006,eY6`rBf#'t#Rz,3/13/2024
607,hnewportgu,Herb,Newport,12/17/2013,kY2!sbuaue%,4/15/2024
608,ctrewhittgv,Cameron,Trewhitt,6/22/2015,lD3<N6ZAf|E7.,12/3/2023
609,glethebridgegw,Giordano,Lethebridge,8/6/2010,aM2>D}FRF}=F8!ZW,12/14/2023
610,rifillgx,Riccardo,Ifill,6/28/2011,rN3}_7KEU3Bw4\{KGf,2/27/2024
611,acornewallgy,Almeda,Cornewall,8/11/2009,jY8=o4KHj~VcV{,12/12/2023
612,vjohnstongz,Valida,Johnston,4/17/2010,lN0'oSS|a+Hc>iFT,11/19/2023
613,amanochh0,Augustine,Manoch,3/13/2005,xJ2%oSR2GIc2,1/30/2024
614,cwintersgillh1,Chase,Wintersgill,5/5/2015,fK4{+l(*8Ob&g%5H1,6/18/2024
615,ggarrishh2,Gloriane,Garrish,4/21/2010,xP4&/)vO'$rsL,1/10/2024
616,zpawlikh3,Zachary,Pawlik,1/31/2011,"mY5~?A+!.%`a?|4w=j|,",1/22/2024
617,pcohaneh4,Pansie,Cohane,9/12/2006,iX6*UMo9COz7P4o,2/3/2024
618,vcrispinh5,Vonny,Crispin,10/25/2009,nA3(OS8QpIyTa68WRv|<,1/29/2024
619,kjosiahh6,Kimball,Josiah,2/4/2014,"uD0#HrU""}9""=ceh/a",9/14/2023
620,hmoyesh7,Hadley,Moyes,7/31/2004,"yY8|Di$0EP""",5/28/2024
621,sodeeganh8,Stephannie,O'Deegan,6/20/2010,qB2#/*x?aH77,6/27/2024
622,zmimmackh9,Zerk,Mimmack,5/26/2005,"fX6`y`DAUc,13i",6/23/2024
623,ihawkswoodha,Ian,Hawkswood,3/12/2014,"vP0.3fJ"",aWyLd",10/19/2023
624,spellingarhb,Sheilah,Pellingar,12/15/2014,iJ7%?P~NY~Rg!N($1,6/9/2024
625,gdunkleyhc,Gradey,Dunkley,3/13/2016,"aQ5%J8N""r_>H4",7/14/2024
626,choweshd,Calhoun,Howes,5/9/2013,wQ5'.r2_(MUozprkpT,2/25/2024
627,suppetthe,Stanton,Uppett,5/19/2008,cA3/gqti5QW,3/18/2024
628,rgalerohf,Rooney,Galero,5/27/2003,lE5_!{0)3L,5/8/2024
629,cshobrookhg,Cyndi,Shobrook,4/21/2016,"bD9""Q28I*8*",11/3/2023
630,csaullhh,Christiano,Saull,10/15/2012,"yX2~`Q,bjjydvRVWbTiJ",5/11/2024
631,ekunderthi,Elladine,Kundert,8/24/2004,hL5~jIsz`}3sT<tWAut,11/30/2023
632,hcrichhj,Humfrey,Crich,12/31/2015,tR1'@jODNL2.grf.3wYs,9/9/2023
633,pendersbyhk,Pier,Endersby,1/1/2008,"rM9"">.WUh0PE4HFp#@1",9/2/2023
634,hpuddiferhl,Horatio,Puddifer,3/25/2007,mD2(i#1f7sDE~>S/EYiy,7/3/2024
635,pglazebrookhm,Pierrette,Glazebrook,1/18/2011,"hE8+eY*I*9,9""T/",7/13/2024
636,cscrowsonhn,Clea,Scrowson,9/18/2006,eA5|%|t_dmz#/VuW|,2/26/2024
637,ppiechaho,Porty,Piecha,12/11/2008,cU8(#XmSF\/p~F${\,8/5/2024
638,ttrouncehp,Tamarra,Trounce,2/21/2005,eF4$%IsL`aq=m$,11/18/2023
639,swinscombhq,Shawna,Winscomb,10/15/2005,qN4?mmfs7cpj=dF),4/27/2024
640,cyeabsleyhr,Coletta,Yeabsley,6/1/2016,jD9~vxSklhP'!Np,7/7/2024
641,bchagghs,Beverley,Chagg,8/20/2010,oO4!GuHYK(/jNVu*,11/28/2023
642,mstandonht,Marvin,Standon,9/2/2004,qJ8(G=2Lx#ZKd@{,1/5/2024
643,cdrakershu,Carmelita,Drakers,7/30/2011,lI7!AFJy?EZV!jUo,4/2/2024
644,oskitchhv,Olivier,Skitch,8/17/2008,"eX8\ep(efzJq6\=Q,q",1/11/2024
645,sfeathershw,Seward,Feathers,8/8/2009,wC3<+UrYRQ!dLTU$S,11/17/2023
646,mpetrellihx,Minor,Petrelli,6/15/2003,kN6%I0nU8yx0L\p#ju,2/8/2024
647,bleadbeatterhy,Bancroft,Leadbeatter,5/26/2007,wB4*/a22b'z4XH5)flU\,7/17/2024
648,swinfreyhz,Sharron,Winfrey,7/15/2012,bK3#E.NO(Ja.,8/15/2024
649,sguidonei0,Sheilakathryn,Guidone,1/31/2003,pM2`|Sf)74s|,5/2/2024
650,ehanesi1,Elyssa,Hanes,6/10/2014,qB1@(LRG*wZy0,10/17/2023
651,bcoakleyi2,Bennie,Coakley,11/2/2003,pR7=Qa|RhxjNhML,12/28/2023
652,amcandiei3,Alfonse,McAndie,9/20/2015,vS6|DqI/iE,12/15/2023
653,bdallemorei4,Brew,Dallemore,2/21/2005,qD9?5NA#L2Xk(lu`Rq,12/25/2023
654,ccosterdi5,Chandra,Costerd,12/3/2015,yU2<kDn$aAE>Hx+,10/31/2023
655,adefilippii6,Aaren,De Filippi,10/11/2008,eB6+r17c1(&?<u>)K|,2/21/2024
656,eleerei7,Emmett,Leere,4/8/2004,jO1=i(7y3_~y,11/25/2023
657,shollerani8,Sandy,Holleran,12/8/2013,wA0@!EI*C!Dj,5/16/2024
658,tsteeli9,Theodor,Steel,6/23/2014,mE9't/m?EZ~&w0kGdIy,10/9/2023
659,ipostgateia,Idelle,Postgate,9/18/2013,bE7('?ys|HAh,5/7/2024
660,ksansib,Kinsley,Sans,10/20/2014,xH0#pxv#c//uDUM,9/12/2023
661,jgreavesic,Joyann,Greaves,9/16/2003,mZ5_eAEBLHV)6<<,6/28/2024
662,ahenfreid,Adair,Henfre,9/25/2010,wD7*I)bgCRNRhCt<0Wb(,8/24/2024
663,mrobertisie,Moritz,Robertis,3/5/2005,qZ5%IFT?v095*L,6/15/2024
664,dkestellif,Dionysus,Kestell,1/22/2014,eH3*&\K.@<f%O@Z,6/27/2024
665,wtinmanig,Worden,Tinman,9/6/2000,"rN6,BIdnyH.H/xe=f8",4/18/2024
666,lawdeih,Lian,Awde,8/23/2003,iE9?ytF!7A).)/,11/24/2023
667,jmcartii,Joey,McArt,12/2/2006,"zE7&WIk46lTOjRmp""",6/8/2024
668,sgregorinij,Sharla,Gregorin,3/29/2013,"fQ6/'7K""mM_|",2/16/2024
669,kcreerik,Kristos,Creer,7/5/2006,cU2.u'AeN@i*M9,7/10/2024
670,cgaskeril,Chip,Gasker,10/15/2003,oY2>pV\*St{>X,10/1/2023
671,pjuckesim,Pamelina,Juckes,1/28/2012,kJ9#=4o=kXx2?Y7vZ,6/19/2024
672,telintunein,Tedd,Elintune,3/9/2001,oB0.2@hV4@,4/25/2024
673,aostlerio,Axe,Ostler,5/24/2008,cF3$UME|eecC2,5/15/2024
674,dtrowlerip,Demetra,Trowler,2/28/2006,eY7)Y|X<pU},2/4/2024
675,diliveiq,Dahlia,Ilive,12/6/2004,kP9}5Qqv(uRFVbJ\q,11/4/2023
676,dgearir,Doll,Gear,1/29/2003,vR0_ik1Pj6@x{K,6/29/2024
677,tdebruijneis,Teodora,De Bruijne,4/1/2010,"iW8=S280#PQ56{cj&(,",6/20/2024
678,pripleyit,Pandora,Ripley,10/24/2005,"tP0._,NUOe",8/4/2024
679,tshallcroffiu,Tammy,Shallcroff,7/6/2010,bD6(|0quG)P3{3Q`,5/25/2024
680,drodgersiv,Doralia,Rodgers,1/27/2008,zA2`#%LoRf,11/23/2023
681,slenoiriw,Sherrie,Le Noir,6/22/2003,dA3{ZPpknuEs,3/9/2024
682,dlampittix,Daryn,Lampitt,12/30/2013,lN8}X>z24(T,4/6/2024
683,fcamisiy,Farly,Camis,1/6/2004,jA9@.>_<s5v=&dvPmky,5/6/2024
684,dvlasenkoiz,Devlen,Vlasenko,5/7/2003,jH4)VSvg?&/7xRLxK,7/7/2024
685,mbedbroughj0,Mavis,Bedbrough,4/14/2001,tY2)a+YMYs,3/4/2024
686,tstrainj1,Tally,Strain,7/1/2011,"vA2%,n>%RP)",4/17/2024
687,rgreenrodj2,Riccardo,Greenrod,3/23/2016,nK2!?M<_szxTJyX,10/8/2023
688,sfindonj3,Sabine,Findon,4/15/2010,yF8+W%DJFW,3/27/2024
689,tjoesburyj4,Tiebout,Joesbury,8/8/2007,hN2\)!Jizm`O,7/23/2024
690,dparsonagej5,Duncan,Parsonage,9/14/2000,oB9}#0Ix%{,1/11/2024
691,cjacklingj6,Calv,Jackling,12/3/2005,zJ0/{.GG=G%`MP~?dz<g,10/13/2023
692,jferrillioj7,Johnathan,Ferrillio,9/16/2014,"sQ4""4Srvp1+94D74>0Mp",11/3/2023
693,dchomickij8,Doralin,Chomicki,8/20/2002,bZ8/=Lr8khwclbwAaQ$G,6/15/2024
694,hfarrj9,Haley,Farr,7/17/2008,"rD7|\,Ns\zCp/ut",7/24/2024
695,pbetjemanja,Pedro,Betjeman,12/7/2008,xN7=Ism?*NdX'nzlg,2/28/2024
696,arichensjb,Abey,Richens,6/13/2016,iB0{fQzDO_2qz2ym@,8/12/2024
697,cmerryfieldjc,Charo,Merryfield,1/11/2009,"jO4{9fC*\k5QaO9an1,",4/16/2024
698,yaustonjd,Yorgo,Auston,5/4/2003,eN9}yLA)+h$Cw>aPVl,7/16/2024
699,gmaccarlichje,Gennie,MacCarlich,10/1/2002,gP1_x(6|xK(Lt,4/29/2024
700,sjoffejf,Sigmund,Joffe,1/31/2007,"pG5#TDs""|5",4/3/2024
701,tklaggejg,Tull,Klagge,1/22/2002,dS4#}1}CJ/z4n,4/29/2024
702,tlippiattjh,Teri,Lippiatt,3/23/2005,lD6&sPKpY0MLT'nzy5Cf,10/15/2023
703,eprinceji,Ezra,Prince,7/28/2003,fM6$sDJYNDy'\A5x03D,4/8/2024
704,btolworthiejj,Binnie,Tolworthie,3/17/2010,wW6*wgpVIykx}1%x_,4/8/2024
705,vchudleighjk,Verne,Chudleigh,11/4/2001,"mU2"")?'!{9Y'|#",1/24/2024
706,rkernoghanjl,Ranique,Kernoghan,7/17/2007,nC6=V$<Rb|5,8/4/2024
707,klaingmaidjm,Kahlil,Laingmaid,9/30/2008,bR5*Z~/#\)g,2/15/2024
708,rcrutchleyjn,Rodger,Crutchley,1/30/2006,fW0(z&~t3}&N\_IqO,11/6/2023
709,pollettjo,Paulie,Ollett,1/18/2006,pU2`Qzl1$YHt%,7/23/2024
710,upennycordjp,Umeko,Pennycord,8/6/2003,wO0<$pcbx~#U,5/25/2024
711,owinterscalejq,Oren,Winterscale,4/15/2007,"nJ8`(g""@Jx){WRyZ'W.A",10/21/2023
712,dmakenjr,Dennet,Maken,9/7/2014,"pT0+e""Uy}JL8Me4zE\cm",12/3/2023
713,lsharerjs,Leia,Sharer,9/14/2000,"vP8=,7!urTz0t>e?IE{b",5/24/2024
714,ssellerjt,Sheridan,Seller,7/10/2013,rQ8{G+\PD&*Fr$g</{s,9/13/2023
715,jsweetzerju,Jehu,Sweetzer,4/1/2014,zE5~$_}Vfe|#,8/10/2024
716,edunstalljv,Everard,Dunstall,9/2/2000,"bP4""NJz(4yl'}K4",10/17/2023
717,jjerredjw,Jack,Jerred,9/27/2012,pN1{tutFqcm,12/30/2023
718,gvolckerjx,Gwenneth,Volcker,11/22/2004,bP3$akWU1n&s,11/21/2023
719,tkintishjy,Tessi,Kintish,3/23/2011,xZ5'`*eQ66a6*Pi1#,6/11/2024
720,msemechikjz,Marget,Semechik,6/11/2011,vS6\pwD(K\9B(N,1/13/2024
721,adavidovskyk0,Adamo,Davidovsky,5/14/2016,cZ5'0Ivp%e`HBfk'9'u,4/3/2024
722,mlilliek1,Morissa,Lillie,6/6/2002,"sX9%Z4N=$,bR./0KRBG?",6/11/2024
723,btremoillek2,Benni,Tremoille,10/25/2000,"aW2'oCUmsCMKVn.""'",9/16/2023
724,fshadwickk3,Felicia,Shadwick,6/18/2015,"zJ9\""p|)+Gx?|drR",8/31/2023
725,pdunkleyk4,Patty,Dunkley,10/11/2001,uC2#(MyKZA`@YH)R|nO,11/7/2023
726,cgannicleffk5,Ceciley,Gannicleff,2/5/2012,qK4.#wWojd,9/17/2023
727,cormshawk6,Carlota,Ormshaw,3/22/2001,cO0%%nWBdEhVM,4/22/2024
728,bchallinerk7,Basilius,Challiner,4/29/2015,fZ9%mN(!/*uI3,11/18/2023
729,asavink8,Aurel,Savin,11/24/2002,yZ8`r<>_yb,2/15/2024
730,gbrownfieldk9,George,Brownfield,11/1/2007,zY8%H~Bet+SpsxHf,10/16/2023
731,dbrunellika,Durant,Brunelli,9/3/2000,"uI8+0""1@C%VocbA",6/5/2024
732,obenbrickkb,Onfre,Benbrick,9/28/2012,lA3{O!j+H/2i0)h,12/31/2023
733,hbouchkc,Horatius,Bouch,7/11/2003,tY0_Wb{Rmx,1/12/2024
734,obuddingkd,Orson,Budding,5/12/2007,"nW1*}E~dow""Vke",6/30/2024
735,ndampke,Nichol,Damp,11/22/2002,"qJ6$H""0!k=WN7Z6GC",9/16/2023
736,knickollkf,Korie,Nickoll,7/17/2005,fF3|LCOANF,11/26/2023
737,ldickenkg,Lauree,Dicken,11/24/2015,mZ3.pUxmQv&,4/14/2024
738,kswindinkh,Krishnah,Swindin,5/2/2003,aD6)t|AlS1Sz\S6z6i,9/18/2023
739,mimpyki,Mickey,Impy,4/14/2014,xE8@#Gzd1*!*|G\4ck,3/4/2024
740,warguilekj,Warde,Arguile,8/29/2014,iT3~{#U>74Rd%brdwI,4/19/2024
741,nkubczakkk,Nadeen,Kubczak,4/25/2014,eY1.>fYqq9jE{R,5/22/2024
742,ddufferkl,Dalt,Duffer,10/13/2005,wJ3+')YJoPx7avwR,1/20/2024
743,rlorrymankm,Rahal,Lorryman,12/14/2002,"jC8/1/f>}kM<()E(,|~",9/5/2023
744,xhindrickkn,Xymenes,Hindrick,4/9/2010,eT9/eXJrP1VAEb,12/5/2023
745,ghrinchishinko,Gerda,Hrinchishin,7/28/2003,xA1{e<(%#s+',4/26/2024
746,lnafzgerkp,Liva,Nafzger,9/29/2005,jS7`8D*uu'\,3/25/2024
747,dhardagekq,Dunn,Hardage,2/24/2001,"kA3#9o)#byZbSOA8""",2/7/2024
748,hparringtonkr,Haroun,Parrington,2/6/2003,"gP7""L1+?4QjSQ",5/3/2024
749,rblockks,Rhodia,Block,6/22/2012,wT5)Ax7(ys'lYbcyId,12/19/2023
750,opavlovskykt,Orion,Pavlovsky,2/11/2014,iM6'Lz>m|PP{b,7/21/2024
751,tbrimleyku,Theadora,Brimley,3/19/2015,vV3~tyFVLsm1/zTUP2,8/3/2024
752,jegankv,Jdavie,Egan,7/8/2011,zT3}0VXVvzX,5/25/2024
753,mpatykw,Mia,Paty,8/25/2005,eW2\}DJ'_?3ET&V9VqmK,7/7/2024
754,tvasilikkx,Taber,Vasilik,1/13/2006,"cA2""g%ly~q",2/29/2024
755,touthwaiteky,Tirrell,Outhwaite,10/25/2015,jQ0(y?7/W3a$w,8/10/2024
756,rkoreskz,Rubin,Kores,10/29/2011,uN3_rg|{e{zIB4,4/7/2024
757,bjosuweitl0,Bertie,Josuweit,3/21/2002,"tY3\Z2#r|,""!D9",7/7/2024
758,jjohnstonel1,Jessika,Johnstone,3/4/2014,nG9`B(V*?OKs2HF\di,9/9/2023
759,averrillol2,Aimee,Verrillo,1/19/2009,yK1}{z8ZqzslU%X/1y,9/14/2023
760,sduddridgel3,Sanderson,Duddridge,4/20/2006,qR5}|&?zZ_,5/23/2024
761,otruckelll4,Osbourn,Truckell,1/11/2011,gT9))6Ji58YU(N,6/9/2024
762,mmacaughtriel5,Maribeth,MacAughtrie,10/1/2014,xN3\lTkbe3_V/F,3/11/2024
763,gverduinl6,Giordano,Verduin,4/19/2010,"yS7)""HZB|$Nw1",9/1/2023
764,fmcgreayl7,Faydra,McGreay,9/28/2010,oV4/d%bz?Z,4/15/2024
765,dmievillel8,Dario,Mieville,6/10/2013,"tH1<VGBzb,pZ>vkZs",2/25/2024
766,mstellmanl9,Marrilee,Stellman,1/24/2007,fZ5*5lz?m&@XlsCm,4/9/2024
767,kbaackla,Kikelia,Baack,11/3/2002,fQ0}Rg|xh~@5,7/23/2024
768,asweetlb,Avery,Sweet,12/4/2013,"tL7>qt\O'fYUj\@""",6/24/2024
769,tiacovuzzilc,Teresita,Iacovuzzi,7/14/2015,kF0+2tQM7g\x>i#HH,2/18/2024
770,hgoldinld,Hope,Goldin,5/27/2011,dF2@wBLZ}y,5/12/2024
771,blererle,Betta,Lerer,5/1/2010,"oO8\=Pns&3,M3H%?%!xV",2/19/2024
772,cokerinlf,Cassie,O'Kerin,8/27/2014,"rN7\*3ZzbOu)""1",11/6/2023
773,acurnuckelg,Aubrie,Curnucke,1/22/2002,aX7(DP(n&$Y1,1/21/2024
774,eschwaigerlh,Emyle,Schwaiger,12/16/2000,cA4/Yoin=WzJ!XSn}65,3/24/2024
775,jmenichinili,Jasen,Menichini,9/26/2015,"rK9,rEx<%hZ{",5/24/2024
776,rettelslj,Reba,Ettels,12/25/2001,"tT1""iJ\Uy>'",6/19/2024
777,flutherlk,Filbert,Luther,10/20/2004,nF7@+uOEn2x8O!_xn,2/2/2024
778,zpoggll,Zed,Pogg,5/14/2006,jQ8$VPM8\s|>,9/1/2023
779,gpetleylm,Gerick,Petley,3/15/2011,fE9'!hWU4mFNn(z))Ap2,12/24/2023
780,adiggensln,Annadiana,Diggens,10/19/2013,pP3>FtH.1=d\9pM,6/30/2024
781,smcgauhylo,Sorcha,McGauhy,4/9/2003,"tV9(<q{G8,",11/20/2023
782,dgouldinglp,Denys,Goulding,2/4/2007,uX1?>Rqbhgl(mXR)B=}E,2/28/2024
783,tfrisellq,Tatiana,Frisel,1/29/2009,rB6/dsQ4M?=p77oZ)Hk$,2/29/2024
784,ocastanareslr,Oates,Castanares,10/10/2015,wW4'oTs9LKOl9Cl,4/24/2024
785,ggopsallls,Gussie,Gopsall,6/19/2001,"nX4%KvQ|yJ),",2/21/2024
786,kcantrelllt,Kira,Cantrell,9/25/2001,"dW4=""5Pq2{)yq%m",8/19/2024
787,kkohlerlu,Kean,Kohler,1/27/2016,hD2~qc./*8Q($,4/18/2024
788,cbampforthlv,Charlean,Bampforth,9/3/2004,gI5=1syoUg!qWacXf0s,2/1/2024
789,kbogartlw,Karita,Bogart,8/20/2014,qW4_7=.$yB,9/2/2023
790,nfilsonlx,Neille,Filson,11/11/2000,vO1)*\5vZ5<4EZc(N,1/25/2024
791,cailsburyly,Claribel,Ailsbury,9/13/2008,yQ1&n~08Db@b(InBE,2/24/2024
792,bweinberglz,Borden,Weinberg,12/8/2002,iP8~~gzE6#<<u,11/15/2023
793,rdjekovicm0,Roana,Djekovic,6/9/2006,"oE0$wU$#vaLK""!",1/7/2024
794,cbignalm1,Celestyna,Bignal,11/19/2011,nO1+Z29A|M4`<,9/5/2023
795,blindblomm2,Buffy,Lindblom,8/20/2010,"oG4=)Rqe%`,",8/20/2024
796,pgrimleym3,Pauline,Grimley,6/14/2004,"yG1,KYFl|g&\izKBa",11/27/2023
797,dgrottym4,Daryle,Grotty,5/5/2003,wB8$`SnYN91$3t1X80<W,3/13/2024
798,acowgillm5,Appolonia,Cowgill,8/26/2009,zZ0=gYd~Is$_pP,11/18/2023
799,mtreenm6,Montgomery,Treen,8/19/2014,"oX5|\B~oq,jsAS+",11/26/2023
800,pbraileym7,Pooh,Brailey,1/20/2013,aO0~t==8OC,9/17/2023
801,hhynardm8,Hillyer,Hynard,7/3/2010,gM1<xckm$t=zi0,9/17/2023
802,gandrichukm9,Garik,Andrichuk,7/16/2014,eW7~_ykZKJBp(3+?O.,8/18/2024
803,fgildeama,Fae,Gildea,5/2/2005,rX4&u0)2DdXAJnh2,3/17/2024
804,eboulstridgemb,Enrique,Boulstridge,12/6/2015,"tP0#e1Ga_Fe*""!WO9+""}",2/5/2024
805,dpolglasemc,Dom,Polglase,7/5/2010,qY3!RjYH8QWT0L{U,4/14/2024
806,bdranemd,Barbie,Drane,10/13/2002,nI8~ql<Z3Za(,10/8/2023
807,arittelmeyerme,Aluin,Rittelmeyer,2/5/2011,dP3{RQZ|~Qg&%\2zHT,11/19/2023
808,spedrolmf,Sybille,Pedrol,12/4/2008,"kD4~fZZ1Y8T,o~,Uztj!",8/16/2024
809,ebridgemanmg,Ethelda,Bridgeman,9/4/2011,hZ2!\_A&.8O,6/17/2024
810,leddismh,Leela,Eddis,8/23/2012,lY3(\(_s/O8/RnXY,11/27/2023
811,jdowningmi,Joceline,Downing,7/24/2012,oE8*_xd~E5sa}Mhy4yX,12/27/2023
812,cfoskinmj,Coreen,Foskin,11/4/2007,"eW1~,%&_SjQ90B\I>LU$",11/30/2023
813,jyappmk,Joshia,Yapp,10/11/2007,"oQ9""o1IJY2G`",2/13/2024
814,uhumpheryml,Uta,Humphery,10/3/2001,"eV1!?/<Kd9,s+y4,F4",4/10/2024
815,apalfriemm,Alister,Palfrie,2/12/2016,tM7_Vq}J/~o$iW5Xv,3/6/2024
816,treubensmn,Teirtza,Reubens,5/13/2015,uH1`0xxtMue}gqa,8/1/2024
817,ltisonmo,Lorine,Tison,4/21/2003,"iF6\))o),J(",11/4/2023
818,cowttrimmp,Cathee,Owttrim,4/29/2015,"mQ7+Thv""8=C=bID}##",8/17/2024
819,csandfordmq,Cyb,Sandford,7/9/2009,"xQ7#qvmB,ialc}EWKE",5/1/2024
820,isterrymr,Imogen,Sterry,8/18/2003,aP1`d6PcnS_K`/,5/12/2024
821,pchampms,Philbert,Champ,9/20/2000,kI8_WCfI@mI,8/4/2024
822,lturnbullmt,Lizzie,Turnbull,7/2/2005,fM5|f_{@$@4,1/27/2024
823,fandrissmu,Flynn,Andriss,9/28/2006,sH1=UWT4oc@mBj,6/11/2024
824,nburrettmv,Nester,Burrett,2/17/2007,hR5.\U(}ZRu#CNI?E{,2/29/2024
825,mfidgeonmw,Marvin,Fidgeon,10/9/2004,"fQ3(&@Hx'bcix7,d85r0",10/14/2023
826,sdumphreymx,Sebastiano,Dumphrey,1/1/2010,vY4>PSEGVJi4X=,7/15/2024
827,jshearamy,Joelynn,Sheara,5/24/2009,"pK4$N7or9`""I0yEbJI6i",9/12/2023
828,bmulkerrinsmz,Boycie,Mulkerrins,7/28/2012,yC2.oko0vjG<B'Q,3/21/2024
829,agregoryn0,Arlee,Gregory,4/30/2008,pL7/edw(_Q}!}y,3/2/2024
830,wrowlesn1,Waldemar,Rowles,11/24/2012,kD3<YXwKX&T8,3/28/2024
831,ualdhamn2,Urbain,Aldham,12/5/2009,oS8\Fu!dFN6t?+c),11/16/2023
832,mconstantn3,Marshal,Constant,1/9/2014,oJ0.NNG`x_HY@fr,7/29/2024
833,mjacobsn4,Maisey,Jacobs,4/19/2014,sN4|iVV_Gg,2/17/2024
834,gbridgmann5,Gerrie,Bridgman,4/13/2016,lS3`sKx9(!'UWa,8/17/2024
835,pjoen6,Palmer,Joe,9/23/2015,"aV1,D&'KP&R`",1/1/2024
836,lkilshawn7,Lindy,Kilshaw,11/17/2007,hQ9!l@BaSF}kZP,5/26/2024
837,bparmentern8,Beck,Parmenter,2/2/2009,"lQ1,aeghl,j|kT",9/11/2023
838,khooppern9,Kerwinn,Hoopper,4/13/2006,dQ5'n_39p!nc@ko,1/6/2024
839,tginnanena,Tull,Ginnane,4/7/2009,vM2_#M~oC@r\(pMP#c%X,7/26/2024
840,talexandrenb,Thelma,Alexandre,12/16/2010,jV4#7GXgnk8YTzu3M5),11/18/2023
841,acrostonnc,Arte,Croston,1/20/2004,oB6//FM\vzTfUJ9u!R>,11/26/2023
842,rolliarnd,Remington,Olliar,7/2/2004,xE6<+O>7iAPsf,1/9/2024
843,dsimnelne,Dur,Simnel,2/24/2012,"zJ0~,K3j\C1zI49\",9/1/2023
844,dgowardnf,Desiree,Goward,4/29/2015,"aT1/b,%3YFM""",5/25/2024
845,jcrawng,Jimmie,Craw,6/26/2014,pI1#yHO\b`N3a,12/30/2023
846,dsleemannh,Darnall,Sleeman,8/13/2011,pG4|@+TuWVK,1/13/2024
847,apennazzini,Anet,Pennazzi,10/2/2014,hJ0=ZHdVBN=N<,12/8/2023
848,bshearanj,Beaufort,Sheara,12/28/2008,xQ5\'QAChdu!UX898h,6/21/2024
849,akeatchnk,Arvy,Keatch,12/27/2014,tF3!Rq+#c4ig9j'gl`z,11/15/2023
850,dstithenl,Dolorita,Stithe,5/11/2003,qI9=CpL%?%BoL5w1E3,3/9/2024
851,cjahndelnm,Colette,Jahndel,9/18/2000,"oO2,4P\+i%es?}",11/15/2023
852,abasnallnn,Avery,Basnall,4/6/2011,wH8)~A6mIy0@z9Cf&D6,2/9/2024
853,nmurrockno,Norrie,Murrock,3/29/2008,"nQ8&x>Woe25py{?B,G#",8/23/2024
854,mhinchonnp,Manolo,Hinchon,5/7/2012,rX0~3UR#NN.#hC7w/3,1/2/2024
855,kplummnq,Kaitlynn,Plumm,11/30/2010,pQ1$KSB0(V9}U,6/20/2024
856,djoinseynr,Deina,Joinsey,10/24/2009,tM5`7}#TMu~S4{,8/22/2024
857,rrablns,Robbin,Rabl,3/7/2016,iF4>|!dAwpHvch&$,3/24/2024
858,msymmersnt,Marcelia,Symmers,6/7/2014,"iG6*)LtZ,'F7~RP+jU6S",11/3/2023
859,kshillitoenu,Kaylil,Shillitoe,7/14/2014,hR7`OYE/6*J3Ry,2/26/2024
860,cmarchamnv,Collette,Marcham,9/18/2010,kS6@dIzQEhzBw!,6/21/2024
861,fdortonnw,Fitzgerald,Dorton,4/2/2008,"cX5'NT'=ZV_,~H+%Jwg0",7/5/2024
862,rbainenx,Roby,Baine,11/22/2004,rJ1=4$)PzyW,1/10/2024
863,bewerny,Bonnibelle,Ewer,5/16/2003,lO4(|q|%j9R`5h'&&,12/17/2023
864,kmehewnz,Klemens,Mehew,8/16/2009,yF4(p=Lu6EsX,6/13/2024
865,meccotto0,Mallory,Eccott,8/3/2015,vU2@MPi>LV8S,7/20/2024
866,btaffurellio1,Britt,Taffurelli,4/21/2002,uB9@ocq|ttaomiJ}raa,4/9/2024
867,gcammisho2,Gloriana,Cammish,2/13/2009,tN2=d>#Sg&99RkJ,3/13/2024
868,ashivlino3,Austen,Shivlin,1/24/2012,"oP9`wK,9+rZ@C",6/26/2024
869,mpoloo4,Marlee,Polo,11/11/2014,kO5=2PQCbP=*A#%,10/10/2023
870,gcollyearo5,Glenine,Collyear,4/10/2013,"qY9>0|,Tz&ob'$#W_y",5/23/2024
871,cmccormacko6,Carla,McCormack,4/24/2014,xJ0$sFG7=X%{3m,11/2/2023
872,pstiggero7,Prentiss,Stigger,1/13/2012,"yC1?0fTax&,1FfL`",8/23/2024
873,slaurensono8,Sydel,Laurenson,3/26/2007,vQ8%9%'Iqg{,4/16/2024
874,ppuddefooto9,Petronilla,Puddefoot,12/3/2009,pA5)`GWo`~Q/@R,7/4/2024
875,hrosenscheinoa,Hagen,Rosenschein,12/7/2000,yB5.ksdVN?`KW,4/25/2024
876,wkeenleysideob,Winni,Keenleyside,12/27/2015,pI7'(4_I%jGU,1/1/2024
877,kridingsoc,Kare,Ridings,9/3/2015,uU6(D}4fvO_g/)X*6,12/26/2023
878,eebbersod,Eddi,Ebbers,2/20/2016,hG3$dV1A<>J0!p.je`,9/14/2023
879,atrebyoe,Ave,Treby,6/26/2015,dW1_AL=G+2EC,11/6/2023
880,cwintertonof,Caz,Winterton,8/11/2004,cB2*ff9NGH8sIo%E<B,10/25/2023
881,ngeraldog,Nicol,Gerald,10/15/2005,uV4|%d&qj+4.,12/9/2023
882,dsponeroh,Devlen,Sponer,3/6/2001,dY8=3oxB%Q=7,12/26/2023
883,sdulinoi,Stacy,Dulin,6/18/2008,xC7?1X\PGqTxq,4/14/2024
884,gfulcheroj,Garnette,Fulcher,2/27/2005,fF0}{nUbqx,10/16/2023
885,eheindrickok,Ellerey,Heindrick,11/4/2005,kX5%N|+!WSD,8/12/2024
886,ctweedol,Carine,Tweed,2/24/2016,"tZ3,2>""H=\'0=B",10/7/2023
887,cmctavishom,Cinderella,McTavish,1/11/2002,fH5<dq}'=a\k,6/23/2024
888,mmccawon,Meade,McCaw,7/12/2010,rY4/YEM1Y4,5/8/2024
889,ndavieoo,Nikolai,Davie,10/14/2001,hG1=eMKyx50iLXXbF*4,3/17/2024
890,ncornerop,Nathan,Corner,7/30/2013,tH8`MlK0)U'Y=3Fn,2/12/2024
891,hkarlqvistoq,Holt,Karlqvist,11/9/2006,vO9%qbi.HAsi,4/28/2024
892,kscowcraftor,Karoly,Scowcraft,7/29/2004,wG8.1@\_bAL<lDP(hhc0,12/30/2023
893,spercyos,Sergeant,Percy,1/14/2010,"cG2&_<K""S1f%K9Szu9E",9/9/2023
894,ptarrot,Parsifal,Tarr,7/15/2012,qL8)7b9I6K,3/6/2024
895,dvedntyevou,Dalton,Vedntyev,3/25/2011,"iC5`}%(`.,EfZ~WP",5/25/2024
896,lmenichinoov,Leontine,Menichino,5/29/2015,eE4{Cv7z+l~n+'b/hd3j,8/19/2024
897,jginnerow,Jewell,Ginner,7/29/2006,wI9\~|S%uW&+APS,4/13/2024
898,lminichilloox,Linnell,Minichillo,1/7/2009,"jT2},?}R_1?tY",5/31/2024
899,gpettegreoy,Glyn,Pettegre,6/23/2015,tS0>LgRIJcq,4/19/2024
900,adoddrelloz,Amil,Doddrell,8/26/2002,iC3%dhdwNL)@,12/20/2023
901,lcelandp0,Lotte,Celand,1/24/2011,bP8\=DnPI6jU.A&yr'|+,7/24/2024
902,nkelingp1,Nichole,Keling,9/12/2013,"tP7&""g|??sHf",2/29/2024
903,avalentap2,Ambrosio,Valenta,8/21/2001,bT4+sKhM>'<F4MT,1/9/2024
904,bheughp3,Bambie,Heugh,9/9/2005,rD7>I9r5!Noz,9/24/2023
905,lglenfieldp4,Leigha,Glenfield,3/31/2009,"oF8}@mgG0WC,",9/23/2023
906,ldullinghamp5,Lindsay,Dullingham,3/2/2012,"eP6)>i3M,5|/r3j<|N",10/1/2023
907,ssnuggsp6,Stephen,Snuggs,6/4/2007,wH0?6gf_Y{p},11/10/2023
908,sgebuhrp7,Serena,Gebuhr,4/25/2016,iQ2&pt~1lmo&L,11/3/2023
909,ssavaryp8,Stevy,Savary,2/15/2010,pO8((}yVkgZu,11/15/2023
910,dlamportp9,Dory,Lamport,10/10/2012,"yB8""#7C{N6N",6/15/2024
911,mwoodburnpa,Monica,Woodburn,3/11/2015,xU1&~u0e/Hk,3/30/2024
912,phaynesfordpb,Prissie,Haynesford,3/5/2002,"nK6@ar,hH=tP6qA",6/17/2024
913,lferrerpc,Lotty,Ferrer,8/6/2005,"oE0_i7xx=c""4m\Wq7/94",9/17/2023
914,cfettispd,Charmion,Fettis,1/30/2001,pY5#O9P&j{W%P@gf,3/12/2024
915,adysertpe,Avril,Dysert,8/9/2008,hU7<i?9V5Otr!mDrWC,10/12/2023
916,ocrittalpf,Orelia,Crittal,8/10/2001,xR6{tG3EYX6STUAD`,7/6/2024
917,cwinnisterpg,Clarette,Winnister,9/1/2009,jB7{!o48b(YOd6,11/25/2023
918,fcuniamph,Flori,Cuniam,5/21/2014,oF4+EgN07M7R,3/11/2024
919,ajarroldpi,Antonio,Jarrold,1/8/2005,hM3&P{Yt&CN6Xm)7,6/28/2024
920,ctroyespj,Cullan,Troyes,2/14/2010,uX6@a<dj_+y6s_GHy8z5,9/7/2023
921,hskehanpk,Hewe,Skehan,9/18/2013,hX5?pEe~|89?/,2/26/2024
922,alobpl,Algernon,Lob,7/17/2008,qO9=TOZET3dkbZLtkx{j,12/13/2023
923,rexterpm,Roanna,Exter,3/19/2007,"gX9,v{u1#jq*k",12/27/2023
924,ncayzerpn,Nataniel,Cayzer,8/17/2003,bO6`\Wi/<|RC$+O`,6/2/2024
925,jsmeepo,Jodie,Smee,10/3/2005,xO9/3Z$inN9(+<<~{G<,11/25/2023
926,borbellpp,Barth,Orbell,4/27/2011,iO8)S=kUM*5f%Wu@_M,3/16/2024
927,cjarradpq,Claudia,Jarrad,3/20/2010,qO0}XbY@(nAer'6,7/8/2024
928,creddanpr,Casie,Reddan,11/16/2008,lJ9?6+Lbb_~,6/11/2024
929,kdominguezps,Ky,Dominguez,6/22/2009,vT8)sizsnI(J)=%t*1),5/26/2024
930,lokiept,Lucina,Okie,8/28/2011,"pK1<5ez""8ep|pt",2/29/2024
931,srichinpu,Sharleen,Richin,5/22/2006,oI5+1Fi2WA,8/23/2024
932,lflockhartpv,Leland,Flockhart,9/1/2012,eB0~SAX&7>AU\,3/22/2024
933,krelfepw,Kirsten,Relfe,7/8/2012,rW3&SNsu)Cs}<)Nzh=',4/8/2024
934,fbrownfieldpx,Florina,Brownfield,7/16/2006,"eB5`r9P9T""p/fU,",9/11/2023
935,gjunkinpy,Glynda,Junkin,2/12/2003,"lR0,M\k*)_""{mG",7/31/2024
936,ecarillopz,Emanuel,Carillo,10/10/2004,qX4%0nw#XhnTbPhtG,11/3/2023
937,atilioq0,Adiana,Tilio,9/7/2002,nS4<??e9}@,2/24/2024
938,bproschkeq1,Bell,Proschke,6/14/2003,hZ3&P~rYJQ1,6/26/2024
939,pelmanq2,Phaidra,Elman,9/5/2001,qI5_E?i<cwB&HXGSL,12/26/2023
940,elopezq3,Euphemia,Lopez,5/12/2008,gF5%#f8V3r~~,10/15/2023
941,fmccroryq4,Fredek,McCrory,1/29/2012,"hO4*/5>(13\<v3b,<BbB",1/28/2024
942,gharcaseq5,Goraud,Harcase,10/17/2008,"dP1(,Z?Uc}S=",1/8/2024
943,abenkinq6,Adolf,Benkin,9/28/2014,kI1>EE=5=?@5Ib,6/9/2024
944,hyeuletq7,Hodge,Yeulet,1/23/2003,"jC8@fwg""*>CR",1/24/2024
945,hmurtellq8,Harwilll,Murtell,3/21/2013,"aL9?'""{PcYs",5/3/2024
946,llanbertoniq9,Lynne,Lanbertoni,10/19/2007,uA9~~AiQl'Yo*E,7/11/2024
947,rsquibeqa,Reggis,Squibe,5/5/2010,jE5.zh(.O!Ov,1/22/2024
948,ahuggonsqb,Anabel,Huggons,3/4/2016,rQ5#0Nj5fp\CABGk,7/23/2024
949,swerndlyqc,Sax,Werndly,8/22/2005,zP7+uILk7Ix5,7/18/2024
950,arishmanqd,Allene,Rishman,3/4/2001,fS2~*@dkhH)KGj8T,2/26/2024
951,mwhathamqe,Merridie,Whatham,10/31/2002,dO5?jUy).jvC2@,5/1/2024
952,zdargavelqf,Zollie,Dargavel,9/27/2008,"aJ3""S,O\.YNnJG",6/27/2024
953,msaddletonqg,Martynne,Saddleton,12/19/2006,nS0}N86SD>9Qg`Y7D9`},7/20/2024
954,csherqh,Clement,Sher,8/2/2008,jQ7/+M`\.Xtr#,2/8/2024
955,ogatfieldqi,Osborne,Gatfield,4/7/2009,"vA0@f}NO<nRzH{%a,",6/26/2024
956,tsymondsonqj,Torrance,Symondson,6/25/2007,nD7&k3W|'O0QD,12/2/2023
957,tackersqk,Taddeo,Ackers,1/2/2008,nX6{vJ99=A@6Eis,9/7/2023
958,bscrangeql,Brit,Scrange,6/19/2009,"iR2#""E\/7Cc1}O",5/3/2024
959,sflemmichqm,Stephanie,Flemmich,6/21/2016,"jJ6""~+X4ce2X6>J{?",8/3/2024
960,bkidderqn,Baily,Kidder,10/13/2014,eF0<aB3@J\m{,7/19/2024
961,bcalderaqo,Basilius,Caldera,8/12/2003,nT8<>uu8_<X,11/18/2023
962,sruoffqp,Skipton,Ruoff,6/15/2014,yJ6?lGqBELK((Zu{Rt,6/7/2024
963,kbodellqq,Kacie,Bodell,9/30/2006,"wV9!rH{cwzz""",8/11/2024
964,djoerningqr,Daisie,Joerning,3/4/2002,"wB5<!U}vKw2LHTB@,",6/2/2024
965,hfredyqs,Hayley,Fredy,5/7/2001,"nX2},dnC><d92D+t",7/26/2024
966,kwortsqt,Kari,Worts,5/12/2014,rL6/W>Rn$R|0GQ,9/15/2023
967,nchoudhuryqu,Neville,Choudhury,1/30/2003,"yN9""}*5)hxF?_Bk",8/3/2024
968,jbrestonqv,Jozef,Breston,6/6/2011,sG7%KAFEU8rV?,11/6/2023
969,agawthorpqw,Alejandra,Gawthorp,9/21/2008,tA9(=%3miQZ,12/1/2023
970,ndufourqx,Nixie,Dufour,12/29/2010,"rM1),EpJyBS@+!V1v",1/10/2024
971,tbetonqy,Tammy,Beton,4/29/2002,mD2_C1P\+S,5/3/2024
972,ipleatqz,Izak,Pleat,5/18/2009,bP1>Fe%6!fn5JKye}_tQ,11/1/2023
973,nstroudr0,Noam,Stroud,12/26/2009,aL3<9eNQAkU(,9/28/2023
974,sstrathernr1,Stacy,Strathern,11/30/2007,kC4~EDI3I/',10/2/2023
975,apaulour2,Alexei,Paulou,5/12/2007,"vB0,r_ec`go2?YjB~!",12/2/2023
976,nkobelr3,Nessie,Kobel,4/8/2015,sO0%Q`KXBSk,11/1/2023
977,hforsyder4,Hobie,Forsyde,11/26/2004,uV6'i1_DlZP5W~,12/29/2023
978,mabsonr5,Marlene,Abson,5/21/2016,bX8&\hN&rZ+UH..H,6/24/2024
979,dchastaingr6,Dulcine,Chastaing,4/19/2013,xY5<b)K)6DfZ*Hfpz/,2/17/2024
980,kkoppelr7,Kayne,Koppel,8/14/2015,vB7'g&Gc_F112U,8/5/2024
981,ayousonr8,Anne-marie,Youson,11/4/2012,"oF0""<'f|rbS5",2/18/2024
982,bkeeper9,Brod,Keepe,3/3/2006,"sO4""}uPxsNei$q1q>",1/19/2024
983,tsargentra,Trula,Sargent,7/18/2001,vX6@XxIG+7$1$,5/20/2024
984,jstellrb,Joel,Stell,11/6/2013,zZ0|%pI|NSY9w>/jyLVP,2/19/2024
985,bbazellrc,Birdie,Bazell,10/6/2005,oT6$b1)8FgYZE4JH),10/22/2023
986,aloadsrd,Abbey,Loads,7/23/2009,oP9>O>#5~W0MC@taPl,1/13/2024
987,mteodorskire,Maynard,Teodorski,1/16/2013,"dK5'm~x""JR.n/'5",12/16/2023
988,mbosmarf,Myranda,Bosma,3/3/2013,"pD5{e=uX0Xie""""cE`y",7/15/2024
989,wfoddenrg,Winny,Fodden,6/26/2012,"kQ4,djQ(UU74Z_D`,upr",9/4/2023
990,ngantzerrh,Nikki,Gantzer,8/21/2015,bF6!trsOzB~b2,3/24/2024
991,kcoganri,Kerwin,Cogan,10/4/2008,xR6?lr*'BgON8ge'V,10/20/2023
992,azavatterorj,Anderea,Zavattero,4/10/2014,"gZ7#,wCWAVVs5M",5/25/2024
993,bminifierk,Base,Minifie,12/1/2013,kY9{rFo(Gsmv3.wmo,10/29/2023
994,kdallimarerl,Kermit,Dallimare,7/21/2014,"cA3@=p,cFdBhx$a$H0k",7/21/2024
995,sreadittrm,Stesha,Readitt,9/25/2009,pW6<ao4dI&S_gh7,6/29/2024
996,dlorrawayrn,Dacey,Lorraway,12/1/2010,gY5?#hW(_p,3/13/2024
997,cclouterro,Chevalier,Clouter,7/13/2015,cP5&nnRLW<9}qK>*7,3/17/2024
998,lneilanrp,Lorna,Neilan,7/11/2008,dJ5@RC)Oo>o~~*fo,1/24/2024
999,drammrq,Dermot,Ramm,5/29/2009,iH6\*%sY#09*ldu/,7/18/2024
1000,dstiferr,Dolf,Stife,12/12/2008,"jY8%8jCJ#B/GFo7""",10/16/2023
